,PassengerId,Survived,Age,SibSp,Parch,Fare,Cabin_No,Cabin_Yes,Embarked_C,Embarked_Q,Embarked_S,Sex_female,Sex_male,Pclass_1,Pclass_2,Pclass_3,Age_scaled,Fare_scaled
0,1,0,22.0,1,0,7.25,1,0,0,0,1,0,1,0,0,1,-0.5613632320695808,-0.5024451714361923
1,2,1,38.0,1,0,71.2833,0,1,1,0,0,1,0,1,0,0,0.6131818322662954,0.7868452935884461
2,3,1,26.0,0,0,7.925,1,0,0,0,1,1,0,0,0,1,-0.26772696598561174,-0.4888542575852486
3,4,1,35.0,1,0,53.1,0,1,0,0,1,1,0,1,0,0,0.3929546327033186,0.4207302360686478
4,5,0,35.0,0,0,8.05,1,0,0,0,1,0,1,0,0,1,0.3929546327033186,-0.4863374216869257
5,6,0,23.828952586083506,0,0,8.4583,1,0,0,1,0,0,1,0,0,1,-0.42710153001403584,-0.47811642890864375
6,7,0,54.0,0,0,51.8625,0,1,0,0,1,0,1,1,0,0,1.7877268966021715,0.395813560675251
7,8,0,2.0,3,1,21.075,1,0,0,0,1,0,1,0,0,1,-2.029544562489426,-0.22408312108167944
8,9,1,27.0,0,2,11.1333,1,0,0,0,1,1,0,0,0,1,-0.19431789946461947,-0.4242561406845337
9,10,1,14.0,1,0,30.0708,1,0,1,0,0,1,0,0,1,0,-1.148635764237519,-0.04295550208861426
10,11,1,4.0,1,1,16.7,0,1,0,0,1,1,0,0,0,1,-1.8827264294474415,-0.312172377522981
11,12,1,58.0,0,0,26.55,0,1,0,0,1,1,0,1,0,0,2.0813631626861406,-0.11384570873513637
12,13,0,20.0,0,0,8.05,1,0,0,0,1,0,1,0,0,1,-0.7081813651115653,-0.4863374216869257
13,14,0,39.0,1,5,31.275,1,0,0,0,1,0,1,0,0,1,0.6865908987872876,-0.01870931177853076
14,15,0,14.0,0,0,7.8542,1,0,0,0,1,1,0,0,0,1,-1.148635764237519,-0.4902797934380587
15,16,1,55.0,0,0,16.0,1,0,0,0,1,1,0,0,1,0,1.8611359631231639,-0.3262666585535892
16,17,0,2.0,4,1,29.125,1,0,0,1,0,0,1,0,0,1,-2.029544562489426,-0.06199888922968463
17,18,1,32.06649305006158,0,0,13.0,1,0,0,0,1,0,1,0,1,0,0.17760862587549608,-0.3866707201133388
18,19,0,31.0,1,0,18.0,1,0,0,0,1,1,0,0,0,1,0.09931836661934956,-0.2859972841804228
19,20,1,29.518205142080145,0,0,7.225,1,0,1,0,0,1,0,0,0,1,-0.00945881067615335,-0.5029485386158568
20,21,0,35.0,0,0,26.0,1,0,0,0,1,0,1,0,1,0,0.3929546327033186,-0.12491978668775715
21,22,1,34.0,0,0,13.0,0,1,0,0,1,0,1,0,1,0,0.3195455661823263,-0.3866707201133388
22,23,1,15.0,0,0,8.0292,1,0,0,1,0,1,0,0,0,1,-1.0752266977165266,-0.4867562231804066
23,24,1,28.0,0,0,35.5,0,1,0,0,1,0,1,1,0,0,-0.12090883294362723,0.06635974158478332
24,25,0,8.0,3,1,21.075,1,0,0,0,1,1,0,0,0,1,-1.5890901633634724,-0.22408312108167944
25,26,1,38.0,1,5,31.3875,1,0,0,0,1,1,0,0,0,1,0.6131818322662954,-0.016444159470040135
26,27,0,29.518205142080145,0,0,7.225,1,0,1,0,0,0,1,0,0,1,-0.00945881067615335,-0.5029485386158568
27,28,0,19.0,3,2,263.0,0,1,0,0,1,0,1,1,0,0,-0.7815904316325576,4.647001076532463
28,29,1,22.380113238826777,0,0,7.8792,1,0,0,1,0,1,0,0,0,1,-0.5334594740350361,-0.48977642625839407
29,30,0,27.947206162930836,0,0,7.8958,1,0,0,0,1,0,1,0,0,1,-0.12478437924093588,-0.4894421904510968
30,31,0,40.0,0,0,27.7208,1,0,1,0,0,0,1,1,0,0,0.7599999653082798,-0.09027201697708476
31,32,1,36.10888155555557,1,0,146.5208,0,1,1,0,0,1,0,1,0,0,0.4743565925789988,2.301728820789
32,33,1,35.29582429902352,0,0,7.75,1,0,0,1,0,1,0,0,0,1,0.4146708183488622,-0.49237782784290063
33,34,0,66.0,0,0,10.5,1,0,0,0,1,0,1,0,1,0,2.668635694854079,-0.43700743807979686
34,35,0,28.0,1,0,82.1708,1,0,1,0,0,0,1,1,0,0,-0.12090883294362723,1.0060617003323709
35,36,0,42.0,1,0,52.0,1,0,0,0,1,0,1,1,0,0,0.9068180983502644,0.39858208016340624
36,37,1,22.876306861888096,0,0,7.2292,1,0,1,0,0,0,1,0,0,1,-0.4970343633524355,-0.5028639729296732
37,38,0,21.0,0,0,8.05,1,0,0,0,1,0,1,0,0,1,-0.634772298590573,-0.4863374216869257
38,39,0,18.0,2,0,18.0,1,0,0,0,1,1,0,0,0,1,-0.8549994981535498,-0.2859972841804228
39,40,1,14.0,1,0,11.2417,1,0,1,0,0,1,0,0,0,1,-1.148635764237519,-0.42207354059350805
40,41,0,40.0,1,0,9.475,1,0,0,0,1,1,0,0,0,1,0.7599999653082798,-0.4576454924460446
41,42,0,27.0,1,0,21.0,1,0,0,0,1,1,0,0,1,0,-0.19431789946461947,-0.22559322262067316
42,43,0,27.947206162930836,0,0,7.8958,1,0,1,0,0,0,1,0,0,1,-0.12478437924093588,-0.4894421904510968
43,44,1,3.0,1,2,41.5792,1,0,1,0,0,1,0,0,1,0,-1.9561354959684336,0.18876253192945994
44,45,1,19.0,0,0,7.8792,1,0,0,1,0,1,0,0,0,1,-0.7815904316325576,-0.48977642625839407
45,46,0,30.70572677927052,0,0,8.05,1,0,0,0,1,0,1,0,0,1,0.07771604418347255,-0.4863374216869257
46,47,0,33.1283186868687,1,0,15.5,1,0,0,1,0,0,1,0,0,1,0.25555625468156506,-0.3363340021468808
47,48,1,35.29582429902352,0,0,7.75,1,0,0,1,0,1,0,0,0,1,0.4146708183488622,-0.49237782784290063
48,49,0,23.458620833333335,2,0,21.6792,1,0,1,0,0,0,1,0,0,1,-0.45428723828650885,-0.21191774308354583
49,50,0,18.0,1,0,17.8,1,0,0,0,1,1,0,0,0,1,-0.8549994981535498,-0.29002422161773944
50,51,0,7.0,4,1,39.6875,1,0,0,0,1,0,1,0,0,1,-1.6624992298844647,0.1506737441786005
51,52,0,21.0,0,0,7.8,1,0,0,0,1,0,1,0,0,1,-0.634772298590573,-0.4913710934835715
52,53,1,49.0,1,0,76.7292,0,1,1,0,0,1,0,1,0,0,1.4206815639972101,0.8964967865378598
53,54,1,29.0,1,0,26.0,1,0,0,0,1,1,0,0,1,0,-0.04749976642263496,-0.12491978668775715
54,55,0,65.0,0,1,61.9792,0,1,1,0,0,0,1,1,0,0,2.5952266283330867,0.5995101505357573
55,56,1,44.064830357142846,0,0,35.5,0,1,0,0,1,0,1,1,0,0,1.0583953673923279,0.06635974158478332
56,57,1,21.0,0,0,10.5,1,0,0,0,1,1,0,0,1,0,-0.634772298590573,-0.43700743807979686
57,58,0,28.5,0,0,7.2292,1,0,1,0,0,0,1,0,0,1,-0.08420429968313109,-0.5028639729296732
58,59,1,5.0,1,2,27.75,1,0,0,0,1,1,0,0,1,0,-1.8093173629264492,-0.08968408411123653
59,60,0,11.0,5,2,46.9,1,0,0,0,1,0,1,0,0,1,-1.3688629638004957,0.2958951755118318
60,61,0,22.0,0,0,7.2292,1,0,1,0,0,0,1,0,0,1,-0.5613632320695808,-0.5028639729296732
61,62,1,38.0,0,0,80.0,0,1,0,0,0,1,0,1,0,0,0.6131818322662954,0.962353321387736
62,63,0,45.0,1,0,83.475,0,1,0,0,1,0,1,1,0,0,1.1270452979132413,1.0323213593611125
63,64,0,4.0,3,2,27.9,1,0,0,0,1,0,1,0,0,1,-1.8827264294474415,-0.08666388103324908
64,65,0,41.200088477638616,0,0,27.7208,1,0,1,0,0,0,1,1,0,0,0.8480973401943294,-0.09027201697708476
65,66,1,17.090249285714286,1,1,15.2458,1,0,1,0,0,0,1,0,0,1,-0.92178344885607,-0.3414522396297103
66,67,1,29.0,0,0,10.5,0,1,0,0,1,1,0,0,1,0,-0.04749976642263496,-0.43700743807979686
67,68,0,19.0,0,0,8.1583,1,0,0,0,1,0,1,0,0,1,-0.7815904316325576,-0.4841568350646187
68,69,1,17.0,4,2,7.925,1,0,0,0,1,1,0,0,0,1,-0.928408564674542,-0.4888542575852486
69,70,0,26.0,2,0,8.6625,1,0,0,0,1,0,1,0,0,1,-0.26772696598561174,-0.47400492578514347
70,71,0,32.0,0,0,10.5,1,0,0,0,1,0,1,0,1,0,0.1727274331403418,-0.43700743807979686
71,72,0,16.0,5,2,46.9,1,0,0,0,1,1,0,0,0,1,-1.0018176311955342,0.2958951755118318
72,73,0,21.0,0,0,73.5,1,0,0,0,1,0,1,0,1,0,-0.634772298590573,0.8314778546749452
73,74,0,26.0,1,0,14.4542,1,0,1,0,0,0,1,0,0,1,-0.26772696598561174,-0.3573908580066095
74,75,1,32.0,0,0,56.4958,1,0,0,0,1,0,1,0,0,1,0.1727274331403418,0.48910360681684706
75,76,0,25.0,0,0,7.65,0,1,0,0,1,0,1,0,0,1,-0.341136032506604,-0.494391296561559
76,77,0,27.947206162930836,0,0,7.8958,1,0,0,0,1,0,1,0,0,1,-0.12478437924093588,-0.4894421904510968
77,78,0,30.70572677927052,0,0,8.05,1,0,0,0,1,0,1,0,0,1,0.07771604418347255,-0.4863374216869257
78,79,1,0.83,0,2,29.0,1,0,0,0,1,0,1,0,1,0,-2.1154331703189873,-0.06451572512800753
79,80,1,30.0,0,0,12.475,1,0,0,0,1,1,0,0,0,1,0.0259093000983573,-0.397241430886295
80,81,0,22.0,0,0,9.0,1,0,0,0,1,0,1,0,0,1,-0.5613632320695808,-0.46720946885967163
81,82,1,29.0,0,0,9.5,1,0,0,0,1,0,1,0,0,1,-0.04749976642263496,-0.45714212526638004
82,83,1,23.322627388583673,0,0,7.7875,1,0,0,1,0,1,0,0,0,1,-0.4642703901185557,-0.49162277707340374
83,84,0,28.0,0,0,47.1,1,0,0,0,1,0,1,1,0,0,-0.12090883294362723,0.29992211294914856
84,85,1,17.0,0,0,10.5,1,0,0,0,1,1,0,0,1,0,-0.928408564674542,-0.43700743807979686
85,86,1,33.0,3,0,15.85,1,0,0,0,1,1,0,0,0,1,0.24613649966133408,-0.32928686163157667
86,87,0,16.0,1,3,34.375,1,0,0,0,1,0,1,0,0,1,-1.0018176311955342,0.04370821849987721
87,88,0,30.70572677927052,0,0,8.05,1,0,0,0,1,0,1,0,0,1,0.07771604418347255,-0.4863374216869257
88,89,1,23.0,3,2,263.0,0,1,0,0,1,1,0,1,0,0,-0.4879541655485885,4.647001076532463
89,90,0,24.0,0,0,8.05,1,0,0,0,1,0,1,0,0,1,-0.4145450990275963,-0.4863374216869257
90,91,0,29.0,0,0,8.05,1,0,0,0,1,0,1,0,0,1,-0.04749976642263496,-0.4863374216869257
91,92,0,20.0,0,0,7.8542,1,0,0,0,1,0,1,0,0,1,-0.7081813651115653,-0.4902797934380587
92,93,0,46.0,1,0,61.175,0,1,0,0,1,0,1,1,0,0,1.2004543644342334,0.5833178351003071
93,94,0,26.0,1,2,20.575,1,0,0,0,1,0,1,0,0,1,-0.26772696598561174,-0.23415046467497105
94,95,0,59.0,0,0,7.25,1,0,0,0,1,0,1,0,0,1,2.1547722292071327,-0.5024451714361923
95,96,0,30.70572677927052,0,0,8.05,1,0,0,0,1,0,1,0,0,1,0.07771604418347255,-0.4863374216869257
96,97,0,71.0,0,0,34.6542,0,1,1,0,0,0,1,1,0,0,3.0356810274590402,0.0493298231623713
97,98,1,23.0,0,1,63.3583,0,1,1,0,0,0,1,1,0,0,-0.4879541655485885,0.6272778976347743
98,99,1,34.0,0,1,23.0,1,0,0,0,1,1,0,0,1,0,0.3195455661823263,-0.18532384824750675
99,100,0,34.0,1,0,26.0,1,0,0,0,1,0,1,0,1,0,0.3195455661823263,-0.12491978668775715
100,101,0,28.0,0,0,7.8958,1,0,0,0,1,1,0,0,0,1,-0.12090883294362723,-0.4894421904510968
101,102,0,27.947206162930836,0,0,7.8958,1,0,0,0,1,0,1,0,0,1,-0.12478437924093588,-0.4894421904510968
102,103,0,21.0,0,1,77.2875,0,1,0,0,1,0,1,1,0,0,-0.634772298590573,0.907737982394129
103,104,0,33.0,0,0,8.6542,1,0,0,0,1,0,1,0,0,1,0.24613649966133408,-0.4741720436887921
104,105,0,37.0,2,0,7.925,1,0,0,0,1,0,1,0,0,1,0.5397727657453031,-0.4888542575852486
105,106,0,28.0,0,0,7.8958,1,0,0,0,1,0,1,0,0,1,-0.12090883294362723,-0.4894421904510968
106,107,1,21.0,0,0,7.65,1,0,0,0,1,1,0,0,0,1,-0.634772298590573,-0.494391296561559
107,108,1,27.51545426285116,0,0,7.775,1,0,0,0,1,0,1,0,0,1,-0.15647888319444955,-0.4918744606632361
108,109,0,38.0,0,0,7.8958,1,0,0,0,1,0,1,0,0,1,0.6131818322662954,-0.4894421904510968
109,110,1,33.54315507564331,1,0,24.15,1,0,0,1,0,1,0,0,0,1,0.2860090067404486,-0.1621689579829361
110,111,0,47.0,0,0,52.0,0,1,0,0,1,0,1,1,0,0,1.2738634309552257,0.39858208016340624
111,112,0,14.5,1,0,14.4542,1,0,1,0,0,1,0,0,0,1,-1.1119312309770226,-0.3573908580066095
112,113,0,22.0,0,0,8.05,1,0,0,0,1,0,1,0,0,1,-0.5613632320695808,-0.4863374216869257
113,114,0,20.0,1,0,9.825,1,0,0,0,1,1,0,0,0,1,-0.7081813651115653,-0.4505983519307405
114,115,0,17.0,0,0,14.4583,1,0,1,0,0,1,0,0,0,1,-0.928408564674542,-0.3573083057891445
115,116,0,21.0,0,0,7.925,1,0,0,0,1,0,1,0,0,1,-0.634772298590573,-0.4888542575852486
116,117,0,70.5,0,0,7.75,1,0,0,1,0,0,1,0,0,1,2.998976494198544,-0.49237782784290063
117,118,0,29.0,1,0,21.0,1,0,0,0,1,0,1,0,1,0,-0.04749976642263496,-0.22559322262067316
118,119,0,24.0,0,1,247.5208,0,1,1,0,0,0,1,1,0,0,-0.4145450990275963,4.335332226633905
119,120,0,2.0,4,2,31.275,1,0,0,0,1,1,0,0,0,1,-2.029544562489426,-0.01870931177853076
120,121,0,21.0,2,0,73.5,1,0,0,0,1,0,1,0,1,0,-0.634772298590573,0.8314778546749452
121,122,0,30.70572677927052,0,0,8.05,1,0,0,0,1,0,1,0,0,1,0.07771604418347255,-0.4863374216869257
122,123,0,32.5,1,0,30.0708,1,0,1,0,0,0,1,0,1,0,0.20943196640083794,-0.04295550208861426
123,124,1,32.5,0,0,13.0,0,1,0,0,1,1,0,0,1,0,0.20943196640083794,-0.3866707201133388
124,125,0,54.0,0,1,77.2875,0,1,0,0,1,0,1,1,0,0,1.7877268966021715,0.907737982394129
125,126,1,12.0,1,0,11.2417,1,0,1,0,0,0,1,0,0,1,-1.2954538972795033,-0.42207354059350805
126,127,0,35.29582429902352,0,0,7.75,1,0,0,1,0,0,1,0,0,1,0.4146708183488622,-0.49237782784290063
127,128,1,24.0,0,0,7.1417,1,0,0,0,1,0,1,0,0,1,-0.4145450990275963,-0.5046257580584992
128,129,1,25.793501984126994,1,1,22.3583,0,1,1,0,0,1,0,0,0,1,-0.28288579256928614,-0.19824427701513722
129,130,0,45.0,0,0,6.975,1,0,0,0,1,0,1,0,0,1,1.1270452979132413,-0.5079822104125026
130,131,0,33.0,0,0,7.8958,1,0,1,0,0,0,1,0,0,1,0.24613649966133408,-0.4894421904510968
131,132,0,20.0,0,0,7.05,1,0,0,0,1,0,1,0,0,1,-0.7081813651115653,-0.5064721088735089
132,133,0,47.0,1,0,14.5,1,0,0,0,1,1,0,0,0,1,1.2738634309552257,-0.35646868933346404
133,134,1,29.0,1,0,26.0,1,0,0,0,1,1,0,0,1,0,-0.04749976642263496,-0.12491978668775715
134,135,0,25.0,0,0,13.0,1,0,0,0,1,0,1,0,1,0,-0.341136032506604,-0.3866707201133388
135,136,0,23.0,0,0,15.0458,1,0,1,0,0,0,1,0,1,0,-0.4879541655485885,-0.3454791770670269
136,137,1,19.0,0,2,26.2833,0,1,0,0,1,1,0,1,0,0,-0.7815904316325576,-0.11921562980779811
137,138,0,37.0,1,0,53.1,0,1,0,0,1,0,1,1,0,0,0.5397727657453031,0.4207302360686478
138,139,0,16.0,0,0,9.2167,1,0,0,0,1,0,1,0,0,1,-1.0018176311955342,-0.4628462821463391
139,140,0,24.0,0,0,79.2,0,1,1,0,0,0,1,1,0,0,-0.4145450990275963,0.9462455716384695
140,141,0,25.344408333333334,0,2,15.2458,1,0,1,0,0,1,0,0,0,1,-0.3158533382545532,-0.3414522396297103
141,142,1,22.0,0,0,7.75,1,0,0,0,1,1,0,0,0,1,-0.5613632320695808,-0.49237782784290063
142,143,1,24.0,1,0,15.85,1,0,0,0,1,1,0,0,0,1,-0.4145450990275963,-0.32928686163157667
143,144,0,19.0,0,0,6.75,1,0,0,1,0,0,1,0,0,1,-0.7815904316325576,-0.5125125150294839
144,145,0,18.0,0,0,11.5,1,0,0,0,1,0,1,0,1,0,-0.8549994981535498,-0.41687275089321363
145,146,0,19.0,1,1,36.75,1,0,0,0,1,0,1,0,1,0,-0.7815904316325576,0.09152810056801232
146,147,1,27.0,0,0,7.7958,1,0,0,0,1,0,1,0,0,1,-0.19431789946461947,-0.49145565916975514
147,148,0,9.0,2,2,34.375,1,0,0,0,1,1,0,0,0,1,-1.51568109684248,0.04370821849987721
148,149,0,36.5,0,2,26.0,0,1,0,0,1,0,1,0,1,0,0.503068232484807,-0.12491978668775715
149,150,0,42.0,0,0,13.0,1,0,0,0,1,0,1,0,1,0,0.9068180983502644,-0.3866707201133388
150,151,0,51.0,0,0,12.525,1,0,0,0,1,0,1,0,1,0,1.5674996970391948,-0.39623469652696586
151,152,1,22.0,1,0,66.6,0,1,0,0,1,1,0,1,0,0,-0.5613632320695808,0.6925485130875209
152,153,0,55.5,0,0,8.05,1,0,0,0,1,0,1,0,0,1,1.89784049638366,-0.4863374216869257
153,154,0,40.5,0,2,14.5,1,0,0,0,1,0,1,0,0,1,0.796704498568776,-0.35646868933346404
154,155,0,29.78279612980004,0,0,7.3125,1,0,0,0,1,0,1,0,0,1,0.009964566742231491,-0.5011867534870308
155,156,0,51.0,0,1,61.3792,1,0,1,0,0,0,1,1,0,0,1.5674996970391948,0.5874293382238074
156,157,1,16.0,0,0,7.7333,1,0,0,1,0,1,0,0,0,1,-1.0018176311955342,-0.49271407711891657
157,158,0,30.0,0,0,8.05,1,0,0,0,1,0,1,0,0,1,0.0259093000983573,-0.4863374216869257
158,159,0,25.52340334377312,0,0,8.6625,1,0,0,0,1,0,1,0,0,1,-0.3027134816262534,-0.47400492578514347
159,160,0,10.869866956654466,8,2,69.55,1,0,0,0,1,0,1,0,0,1,-1.378415909036027,0.7519458402879414
160,161,0,44.0,0,1,16.1,1,0,0,0,1,0,1,0,0,1,1.053636231392249,-0.32425318983493084
161,162,1,40.0,0,0,15.75,1,0,0,0,1,1,0,0,1,0,0.7599999653082798,-0.331300330350235
162,163,0,26.0,0,0,7.775,1,0,0,0,1,0,1,0,0,1,-0.26772696598561174,-0.4918744606632361
163,164,0,17.0,0,0,8.6625,1,0,0,0,1,0,1,0,0,1,-0.928408564674542,-0.47400492578514347
164,165,0,1.0,4,1,39.6875,1,0,0,0,1,0,1,0,0,1,-2.1029536290104183,0.1506737441786005
165,166,1,9.0,0,2,20.525,1,0,0,0,1,0,1,0,0,1,-1.51568109684248,-0.2351571990343002
166,167,1,26.031882142857135,0,1,55.0,0,1,0,0,1,1,0,1,0,0,-0.2653865276397805,0.4589861417231558
167,168,0,45.0,1,4,27.9,1,0,0,0,1,1,0,0,0,1,1.1270452979132413,-0.08666388103324908
168,169,0,49.554275595238074,0,0,25.925,1,0,0,0,1,0,1,1,0,0,1.4613704180390046,-0.12642988822675086
169,170,0,28.0,0,0,56.4958,1,0,0,0,1,0,1,0,0,1,-0.12090883294362723,0.48910360681684706
170,171,0,61.0,0,0,33.5,0,1,0,0,1,0,1,1,0,0,2.3015903622491174,0.026090367211616904
171,172,0,4.0,4,1,29.125,1,0,0,1,0,0,1,0,0,1,-1.8827264294474415,-0.06199888922968463
172,173,1,1.0,1,1,11.1333,1,0,0,0,1,1,0,0,0,1,-2.1029536290104183,-0.4242561406845337
173,174,0,21.0,0,0,7.925,1,0,0,0,1,0,1,0,0,1,-0.634772298590573,-0.4888542575852486
174,175,0,56.0,0,0,30.6958,0,1,1,0,0,0,1,1,0,0,1.934545029644156,-0.030371322596999754
175,176,0,18.0,1,1,7.8542,1,0,0,0,1,0,1,0,0,1,-0.8549994981535498,-0.4902797934380587
176,177,0,7.325034541847046,3,1,25.4667,1,0,0,0,1,0,1,0,0,1,-1.6386387475803947,-0.13565761536436197
177,178,0,50.0,0,0,28.7125,0,1,1,0,0,1,0,1,0,0,1.4940906305182025,-0.07030444769415023
178,179,0,30.0,0,0,13.0,1,0,0,0,1,0,1,0,1,0,0.0259093000983573,-0.3866707201133388
179,180,0,36.0,0,0,0.0,1,0,0,0,1,0,1,0,0,1,0.46636369922431087,-0.6484216535389205
180,181,0,10.869866956654466,8,2,69.55,1,0,0,0,1,1,0,0,0,1,-1.378415909036027,0.7519458402879414
181,182,0,31.718940476190475,0,0,15.05,1,0,1,0,0,0,1,0,1,0,0.15209511586065003,-0.34539461138084326
182,183,0,9.0,4,2,31.3875,1,0,0,0,1,0,1,0,0,1,-1.51568109684248,-0.016444159470040135
183,184,1,1.0,2,1,39.0,0,1,0,0,1,0,1,0,1,0,-2.1029536290104183,0.13683114673782454
184,185,1,4.0,0,2,22.025,1,0,0,0,1,1,0,0,0,1,-1.8827264294474415,-0.20495516825442542
185,186,0,46.2497682359308,0,0,50.0,0,1,0,0,1,0,1,1,0,0,1.2187896174805086,0.3583127057902398
186,187,1,33.1283186868687,1,0,15.5,1,0,0,1,0,1,0,0,0,1,0.25555625468156506,-0.3363340021468808
187,188,1,45.0,0,0,26.55,1,0,0,0,1,0,1,1,0,0,1.1270452979132413,-0.11384570873513637
188,189,0,40.0,1,1,15.5,1,0,0,1,0,0,1,0,0,1,0.7599999653082798,-0.3363340021468808
189,190,0,36.0,0,0,7.8958,1,0,0,0,1,0,1,0,0,1,0.46636369922431087,-0.4894421904510968
190,191,1,32.0,0,0,13.0,1,0,0,0,1,1,0,0,1,0,0.1727274331403418,-0.3866707201133388
191,192,0,19.0,0,0,13.0,1,0,0,0,1,0,1,0,1,0,-0.7815904316325576,-0.3866707201133388
192,193,1,19.0,1,0,7.8542,1,0,0,0,1,1,0,0,0,1,-0.7815904316325576,-0.4902797934380587
193,194,1,3.0,1,1,26.0,0,1,0,0,1,0,1,0,1,0,-1.9561354959684336,-0.12491978668775715
194,195,1,44.0,0,0,27.7208,0,1,1,0,0,1,0,1,0,0,1.053636231392249,-0.09027201697708476
195,196,1,58.0,0,0,146.5208,0,1,1,0,0,1,0,1,0,0,2.0813631626861406,2.301728820789
196,197,0,35.29582429902352,0,0,7.75,1,0,0,1,0,0,1,0,0,1,0.4146708183488622,-0.49237782784290063
197,198,0,42.0,0,1,8.4042,1,0,0,0,1,0,1,0,0,1,0.9068180983502644,-0.47920571548543794
198,199,1,35.29582429902352,0,0,7.75,1,0,0,1,0,1,0,0,0,1,0.4146708183488622,-0.49237782784290063
199,200,0,24.0,0,0,13.0,1,0,0,0,1,1,0,0,1,0,-0.4145450990275963,-0.3866707201133388
200,201,0,28.0,0,0,9.5,1,0,0,0,1,0,1,0,0,1,-0.12090883294362723,-0.45714212526638004
201,202,0,10.869866956654466,8,2,69.55,1,0,0,0,1,0,1,0,0,1,-1.378415909036027,0.7519458402879414
202,203,0,34.0,0,0,6.4958,1,0,0,0,1,0,1,0,0,1,0.3195455661823263,-0.5176307525123133
203,204,0,45.5,0,0,7.225,1,0,1,0,0,0,1,0,0,1,1.1637498311737373,-0.5029485386158568
204,205,1,18.0,0,0,8.05,1,0,0,0,1,0,1,0,0,1,-0.8549994981535498,-0.4863374216869257
205,206,0,2.0,0,1,10.4625,0,1,0,0,1,1,0,0,0,1,-2.029544562489426,-0.43776248884929375
206,207,0,32.0,1,0,15.85,1,0,0,0,1,0,1,0,0,1,0.1727274331403418,-0.32928686163157667
207,208,1,26.0,0,0,18.7875,1,0,1,0,0,0,1,0,0,1,-0.26772696598561174,-0.2701412180209885
208,209,1,16.0,0,0,7.75,1,0,0,1,0,1,0,0,0,1,-1.0018176311955342,-0.49237782784290063
209,210,1,40.0,0,0,31.0,0,1,1,0,0,0,1,1,0,0,0.7599999653082798,-0.024246350754841113
210,211,0,24.0,0,0,7.05,1,0,0,0,1,0,1,0,0,1,-0.4145450990275963,-0.5064721088735089
211,212,1,35.0,0,0,21.0,1,0,0,0,1,1,0,0,1,0,0.3929546327033186,-0.22559322262067316
212,213,0,22.0,0,0,7.25,1,0,0,0,1,0,1,0,0,1,-0.5613632320695808,-0.5024451714361923
213,214,0,30.0,0,0,13.0,1,0,0,0,1,0,1,0,1,0,0.0259093000983573,-0.3866707201133388
214,215,0,31.09342985049901,1,0,7.75,1,0,0,1,0,0,1,0,0,1,0.10617696472967778,-0.49237782784290063
215,216,1,31.0,1,0,113.275,0,1,1,0,0,1,0,1,0,0,0.09931836661934956,1.6323350375212924
216,217,1,27.0,0,0,7.925,1,0,0,0,1,1,0,0,0,1,-0.19431789946461947,-0.4888542575852486
217,218,0,42.0,1,0,27.0,1,0,0,0,1,0,1,0,1,0,0.9068180983502644,-0.10478509950117394
218,219,1,32.0,0,0,76.2917,0,1,1,0,0,1,0,1,0,0,0.1727274331403418,0.8876878608937296
219,220,0,30.0,0,0,10.5,1,0,0,0,1,0,1,0,1,0,0.0259093000983573,-0.43700743807979686
220,221,1,16.0,0,0,8.05,1,0,0,0,1,0,1,0,0,1,-1.0018176311955342,-0.4863374216869257
221,222,0,27.0,0,0,13.0,1,0,0,0,1,0,1,0,1,0,-0.19431789946461947,-0.3866707201133388
222,223,0,51.0,0,0,8.05,1,0,0,0,1,0,1,0,0,1,1.5674996970391948,-0.4863374216869257
223,224,0,27.947206162930836,0,0,7.8958,1,0,0,0,1,0,1,0,0,1,-0.12478437924093588,-0.4894421904510968
224,225,1,38.0,1,0,90.0,0,1,0,0,1,0,1,1,0,0,0.6131818322662954,1.163700193253568
225,226,0,22.0,0,0,9.35,1,0,0,0,1,0,1,0,0,1,-0.5613632320695808,-0.4601623283443675
226,227,1,19.0,0,0,10.5,1,0,0,0,1,0,1,0,1,0,-0.7815904316325576,-0.43700743807979686
227,228,0,20.5,0,0,7.25,1,0,0,0,1,0,1,0,0,1,-0.6714768318510692,-0.5024451714361923
228,229,0,18.0,0,0,13.0,1,0,0,0,1,0,1,0,1,0,-0.8549994981535498,-0.3866707201133388
229,230,0,7.325034541847046,3,1,25.4667,1,0,0,0,1,1,0,0,0,1,-1.6386387475803947,-0.13565761536436197
230,231,1,35.0,1,0,83.475,0,1,0,0,1,1,0,1,0,0,0.3929546327033186,1.0323213593611125
231,232,0,29.0,0,0,7.775,1,0,0,0,1,0,1,0,0,1,-0.04749976642263496,-0.4918744606632361
232,233,0,59.0,0,0,13.5,1,0,0,0,1,0,1,0,1,0,2.1547722292071327,-0.3766033765200472
233,234,1,5.0,4,2,31.3875,1,0,0,0,1,1,0,0,0,1,-1.8093173629264492,-0.016444159470040135
234,235,0,24.0,0,0,10.5,1,0,0,0,1,0,1,0,1,0,-0.4145450990275963,-0.43700743807979686
235,236,0,31.108384523809526,0,0,7.55,1,0,0,0,1,1,0,0,0,1,0.10727477333752916,-0.49640476528021726
236,237,0,44.0,1,0,26.0,1,0,0,0,1,0,1,0,1,0,1.053636231392249,-0.12491978668775715
237,238,1,8.0,0,2,26.25,1,0,0,0,1,1,0,0,1,0,-1.5890901633634724,-0.11988611489111134
238,239,0,19.0,0,0,10.5,1,0,0,0,1,0,1,0,1,0,-0.7815904316325576,-0.43700743807979686
239,240,0,33.0,0,0,12.275,1,0,0,0,1,0,1,0,1,0,0.24613649966133408,-0.4012683683236117
240,241,0,20.800154130591647,1,0,14.4542,1,0,1,0,0,1,0,0,0,1,-0.6494427973119163,-0.3573908580066095
241,242,1,33.1283186868687,1,0,15.5,1,0,0,1,0,1,0,0,0,1,0.25555625468156506,-0.3363340021468808
242,243,0,29.0,0,0,10.5,1,0,0,0,1,0,1,0,1,0,-0.04749976642263496,-0.43700743807979686
243,244,0,22.0,0,0,7.125,1,0,0,0,1,0,1,0,0,1,-0.5613632320695808,-0.5049620073345151
244,245,0,30.0,0,0,7.225,1,0,1,0,0,0,1,0,0,1,0.0259093000983573,-0.5029485386158568
245,246,0,44.0,2,0,90.0,0,1,0,1,0,0,1,1,0,0,1.053636231392249,1.163700193253568
246,247,0,25.0,0,0,7.775,1,0,0,0,1,1,0,0,0,1,-0.341136032506604,-0.4918744606632361
247,248,1,24.0,0,2,14.5,1,0,0,0,1,1,0,0,1,0,-0.4145450990275963,-0.35646868933346404
248,249,1,37.0,1,1,52.5542,0,1,0,0,1,0,1,1,0,0,0.5397727657453031,0.40974072380221066
249,250,0,54.0,1,0,26.0,1,0,0,0,1,0,1,0,1,0,1.7877268966021715,-0.12491978668775715
250,251,0,29.78279612980004,0,0,7.25,1,0,0,0,1,0,1,0,0,1,0.009964566742231491,-0.5024451714361923
251,252,0,29.0,1,1,10.4625,0,1,0,0,1,1,0,0,0,1,-0.04749976642263496,-0.43776248884929375
252,253,0,62.0,0,0,26.55,0,1,0,0,1,0,1,1,0,0,2.37499942877011,-0.11384570873513637
253,254,0,30.0,1,0,16.1,1,0,0,0,1,0,1,0,0,1,0.0259093000983573,-0.32425318983493084
254,255,0,41.0,0,2,20.2125,1,0,0,0,1,1,0,0,0,1,0.8334090318292722,-0.2414492887801075
255,256,1,29.0,0,2,15.2458,1,0,1,0,0,1,0,0,0,1,-0.04749976642263496,-0.3414522396297103
256,257,1,34.62028571428574,0,0,79.2,1,0,1,0,0,1,0,1,0,0,0.3650801614443496,0.9462455716384695
257,258,1,30.0,0,0,86.5,0,1,0,0,1,1,0,1,0,0,0.0259093000983573,1.093228788100527
258,259,1,35.0,0,0,512.3292,1,0,1,0,0,1,0,1,0,0,0.3929546327033186,9.667166525013505
259,260,1,50.0,0,1,26.0,1,0,0,0,1,1,0,0,1,0,1.4940906305182025,-0.12491978668775715
260,261,0,35.29582429902352,0,0,7.75,1,0,0,1,0,0,1,0,0,1,0.4146708183488622,-0.49237782784290063
261,262,1,3.0,4,2,31.3875,1,0,0,0,1,0,1,0,0,1,-1.9561354959684336,-0.016444159470040135
262,263,0,52.0,1,1,79.65,0,1,0,0,1,0,1,1,0,0,1.6409087635601871,0.955306180872432
263,264,0,40.0,0,0,0.0,0,1,0,0,1,0,1,1,0,0,0.7599999653082798,-0.6484216535389205
264,265,0,35.29582429902352,0,0,7.75,1,0,0,1,0,1,0,0,0,1,0.4146708183488622,-0.49237782784290063
265,266,0,36.0,0,0,10.5,1,0,0,0,1,0,1,0,1,0,0.46636369922431087,-0.43700743807979686
266,267,0,16.0,4,1,39.6875,1,0,0,0,1,0,1,0,0,1,-1.0018176311955342,0.1506737441786005
267,268,1,25.0,1,0,7.775,1,0,0,0,1,0,1,0,0,1,-0.341136032506604,-0.4918744606632361
268,269,1,58.0,0,1,153.4625,0,1,0,0,1,1,0,1,0,0,2.0813631626861406,2.441497778832105
269,270,1,35.0,0,0,135.6333,0,1,0,0,1,1,0,1,0,0,0.3929546327033186,2.0825124140450755
270,271,0,36.87489821428567,0,0,31.0,1,0,0,0,1,0,1,1,0,0,0.5305891604359051,-0.024246350754841113
271,272,1,25.0,0,0,0.0,1,0,0,0,1,0,1,0,0,1,-0.341136032506604,-0.6484216535389205
272,273,1,41.0,0,1,19.5,1,0,0,0,1,1,0,0,1,0,0.8334090318292722,-0.255795253400548
273,274,0,37.0,0,1,29.7,0,1,1,0,0,0,1,1,0,0,0.5397727657453031,-0.05042144409739929
274,275,1,35.29582429902352,0,0,7.75,1,0,0,1,0,1,0,0,0,1,0.4146708183488622,-0.49237782784290063
275,276,1,63.0,1,0,77.9583,0,1,0,0,1,1,0,1,0,0,2.448408495291102,0.921244330558889
276,277,0,45.0,0,0,7.75,1,0,0,0,1,1,0,0,0,1,1.1270452979132413,-0.49237782784290063
277,278,0,35.05181756856166,0,0,0.0,1,0,0,0,1,0,1,0,1,0,0.3967585120408176,-0.6484216535389205
278,279,0,7.0,4,1,29.125,1,0,0,1,0,0,1,0,0,1,-1.6624992298844647,-0.06199888922968463
279,280,1,35.0,1,1,20.25,1,0,0,0,1,1,0,0,0,1,0.3929546327033186,-0.24069423801061057
280,281,0,65.0,0,0,7.75,1,0,0,1,0,0,1,0,0,1,2.5952266283330867,-0.49237782784290063
281,282,0,28.0,0,0,7.8542,1,0,0,0,1,0,1,0,0,1,-0.12090883294362723,-0.4902797934380587
282,283,0,16.0,0,0,9.5,1,0,0,0,1,0,1,0,0,1,-1.0018176311955342,-0.45714212526638004
283,284,1,19.0,0,0,8.05,1,0,0,0,1,0,1,0,0,1,-0.7815904316325576,-0.4863374216869257
284,285,0,57.74249226190475,0,0,26.0,0,1,0,0,1,0,1,1,0,0,2.0624597600106362,-0.12491978668775715
285,286,0,33.0,0,0,8.6625,1,0,1,0,0,0,1,0,0,1,0.24613649966133408,-0.47400492578514347
286,287,1,30.0,0,0,9.5,1,0,0,0,1,0,1,0,0,1,0.0259093000983573,-0.45714212526638004
287,288,0,22.0,0,0,7.8958,1,0,0,0,1,0,1,0,0,1,-0.5613632320695808,-0.4894421904510968
288,289,1,42.0,0,0,13.0,1,0,0,0,1,0,1,0,1,0,0.9068180983502644,-0.3866707201133388
289,290,1,22.0,0,0,7.75,1,0,0,1,0,1,0,0,0,1,-0.5613632320695808,-0.49237782784290063
290,291,1,26.0,0,0,78.85,1,0,0,0,1,1,0,1,0,0,-0.26772696598561174,0.9391984311231651
291,292,1,19.0,1,0,91.0792,0,1,1,0,0,1,0,1,0,0,-0.7815904316325576,1.1854295476653287
292,293,0,36.0,0,0,12.875,0,1,1,0,0,0,1,0,1,0,0.46636369922431087,-0.3891875560116617
293,294,0,24.0,0,0,8.85,1,0,0,0,1,1,0,0,0,1,-0.4145450990275963,-0.4702296719376591
294,295,0,24.0,0,0,7.8958,1,0,0,0,1,0,1,0,0,1,-0.4145450990275963,-0.4894421904510968
295,296,0,41.200088477638616,0,0,27.7208,1,0,1,0,0,0,1,1,0,0,0.8480973401943294,-0.09027201697708476
296,297,0,23.5,0,0,7.2292,1,0,1,0,0,0,1,0,0,1,-0.4512496322880924,-0.5028639729296732
297,298,0,2.0,1,2,151.55,0,1,0,0,1,1,0,1,0,0,-2.029544562489426,2.4029901895877646
298,299,1,41.574877182539716,0,0,30.5,0,1,0,0,1,0,1,1,0,0,0.8756102291637308,-0.034313694348132716
299,300,1,50.0,0,1,247.5208,0,1,1,0,0,1,0,1,0,0,1.4940906305182025,4.335332226633905
300,301,1,35.29582429902352,0,0,7.75,1,0,0,1,0,1,0,0,0,1,0.4146708183488622,-0.49237782784290063
301,302,1,23.31262083333333,2,0,23.25,1,0,0,1,0,0,1,0,0,1,-0.46500496199857405,-0.18029017645086096
302,303,0,19.0,0,0,0.0,1,0,0,0,1,0,1,0,0,1,-0.7815904316325576,-0.6484216535389205
303,304,1,42.57451553615305,0,0,12.35,0,1,0,1,0,1,0,0,1,0,0.9489927475610672,-0.3997582667846179
304,305,0,30.70572677927052,0,0,8.05,1,0,0,0,1,0,1,0,0,1,0.07771604418347255,-0.4863374216869257
305,306,1,0.92,1,2,151.55,0,1,0,0,1,0,1,1,0,0,-2.1088263543320975,2.4029901895877646
306,307,1,28.583883928571428,0,0,110.8833,1,0,1,0,0,1,0,1,0,0,-0.07804645879058898,1.5841789061771412
307,308,1,17.0,1,0,108.9,0,1,1,0,0,1,0,1,0,0,-0.928408564674542,1.5442457810799908
308,309,0,30.0,1,0,24.0,1,0,1,0,0,0,1,0,1,0,0.0259093000983573,-0.16518916106092355
309,310,1,30.0,0,0,56.9292,0,1,1,0,0,1,0,1,0,0,0.0259093000983573,0.49782998024351216
310,311,1,24.0,0,0,83.1583,0,1,1,0,0,1,0,1,0,0,-0.4145450990275963,1.0259447039291216
311,312,1,18.0,2,2,262.375,0,1,1,0,0,1,0,1,0,0,-0.8549994981535498,4.634416897040849
312,313,0,26.0,1,1,26.0,1,0,0,0,1,1,0,0,1,0,-0.26772696598561174,-0.12491978668775715
313,314,0,28.0,0,0,7.8958,1,0,0,0,1,0,1,0,0,1,-0.12090883294362723,-0.4894421904510968
314,315,0,43.0,1,1,26.25,1,0,0,0,1,0,1,0,1,0,0.9802271648712567,-0.11988611489111134
315,316,1,26.0,0,0,7.8542,1,0,0,0,1,1,0,0,0,1,-0.26772696598561174,-0.4902797934380587
316,317,1,24.0,1,0,26.0,1,0,0,0,1,1,0,0,1,0,-0.4145450990275963,-0.12491978668775715
317,318,0,54.0,0,0,14.0,1,0,0,0,1,0,1,0,1,0,1.7877268966021715,-0.36653603292675563
318,319,1,31.0,0,2,164.8667,0,1,0,0,1,1,0,1,0,0,0.09931836661934956,2.671117778445337
319,320,1,40.0,1,1,134.5,0,1,1,0,0,1,0,1,0,0,0.7599999653082798,2.059693773056521
320,321,0,22.0,0,0,7.25,1,0,0,0,1,0,1,0,0,1,-0.5613632320695808,-0.5024451714361923
321,322,0,27.0,0,0,7.8958,1,0,0,0,1,0,1,0,0,1,-0.19431789946461947,-0.4894421904510968
322,323,1,30.0,0,0,12.35,1,0,0,1,0,1,0,0,1,0,0.0259093000983573,-0.3997582667846179
323,324,1,22.0,1,1,29.0,1,0,0,0,1,1,0,0,1,0,-0.5613632320695808,-0.06451572512800753
324,325,0,10.869866956654466,8,2,69.55,1,0,0,0,1,0,1,0,0,1,-1.378415909036027,0.7519458402879414
325,326,1,36.0,0,0,135.6333,0,1,1,0,0,1,0,1,0,0,0.46636369922431087,2.0825124140450755
326,327,0,61.0,0,0,6.2375,1,0,0,0,1,0,1,0,0,1,2.3015903622491174,-0.5228315422126077
327,328,1,36.0,0,0,13.0,0,1,0,0,1,1,0,0,1,0,0.46636369922431087,-0.3866707201133388
328,329,1,31.0,1,1,20.525,1,0,0,0,1,1,0,0,0,1,0.09931836661934956,-0.2351571990343002
329,330,1,16.0,0,1,57.9792,0,1,1,0,0,1,0,1,0,0,-1.0018176311955342,0.5189714017894245
330,331,1,23.31262083333333,2,0,23.25,1,0,0,1,0,1,0,0,0,1,-0.46500496199857405,-0.18029017645086096
331,332,0,45.5,0,0,28.5,0,1,0,0,1,0,1,1,0,0,1.1637498311737373,-0.07458306872129913
332,333,0,38.0,0,1,153.4625,0,1,0,0,1,0,1,1,0,0,0.6131818322662954,2.441497778832105
333,334,0,16.0,2,0,18.0,1,0,0,0,1,0,1,0,0,1,-1.0018176311955342,-0.2859972841804228
334,335,1,31.40054460317464,1,0,133.65,1,0,0,0,1,1,0,1,0,0,0.12872197203842123,2.042579288947925
335,336,0,27.947206162930836,0,0,7.8958,1,0,0,0,1,0,1,0,0,1,-0.12478437924093588,-0.4894421904510968
336,337,0,29.0,1,0,66.6,0,1,0,0,1,0,1,1,0,0,-0.04749976642263496,0.6925485130875209
337,338,1,41.0,0,0,134.5,0,1,1,0,0,1,0,1,0,0,0.8334090318292722,2.059693773056521
338,339,1,45.0,0,0,8.05,1,0,0,0,1,0,1,0,0,1,1.1270452979132413,-0.4863374216869257
339,340,0,45.0,0,0,35.5,0,1,0,0,1,0,1,1,0,0,1.1270452979132413,0.06635974158478332
340,341,1,2.0,1,1,26.0,0,1,0,0,1,0,1,0,1,0,-2.029544562489426,-0.12491978668775715
341,342,1,24.0,3,2,263.0,0,1,0,0,1,1,0,1,0,0,-0.4145450990275963,4.647001076532463
342,343,0,28.0,0,0,13.0,1,0,0,0,1,0,1,0,1,0,-0.12090883294362723,-0.3866707201133388
343,344,0,25.0,0,0,13.0,1,0,0,0,1,0,1,0,1,0,-0.341136032506604,-0.3866707201133388
344,345,0,36.0,0,0,13.0,1,0,0,0,1,0,1,0,1,0,0.46636369922431087,-0.3866707201133388
345,346,1,24.0,0,0,13.0,0,1,0,0,1,1,0,0,1,0,-0.4145450990275963,-0.3866707201133388
346,347,1,40.0,0,0,13.0,1,0,0,0,1,1,0,0,1,0,0.7599999653082798,-0.3866707201133388
347,348,1,26.689168488455994,1,0,16.1,1,0,0,0,1,1,0,0,0,1,-0.21713575057237397,-0.32425318983493084
348,349,1,3.0,1,1,15.9,1,0,0,0,1,0,1,0,0,1,-1.9561354959684336,-0.32828012727224753
349,350,0,42.0,0,0,8.6625,1,0,0,0,1,0,1,0,0,1,0.9068180983502644,-0.47400492578514347
350,351,0,23.0,0,0,9.225,1,0,0,0,1,0,1,0,0,1,-0.4879541655485885,-0.4626791642426904
351,352,0,59.96916448412696,0,0,35.0,0,1,0,0,1,0,1,1,0,0,2.225917689292192,0.05629239799149171
352,353,0,15.0,1,1,7.2292,1,0,1,0,0,0,1,0,0,1,-1.0752266977165266,-0.5028639729296732
353,354,0,25.0,1,0,17.8,1,0,0,0,1,0,1,0,0,1,-0.341136032506604,-0.29002422161773944
354,355,0,29.518205142080145,0,0,7.225,1,0,1,0,0,0,1,0,0,1,-0.00945881067615335,-0.5029485386158568
355,356,0,28.0,0,0,9.5,1,0,0,0,1,0,1,0,0,1,-0.12090883294362723,-0.45714212526638004
356,357,1,22.0,0,1,55.0,0,1,0,0,1,1,0,1,0,0,-0.5613632320695808,0.4589861417231558
357,358,0,38.0,0,0,13.0,1,0,0,0,1,1,0,0,1,0,0.6131818322662954,-0.3866707201133388
358,359,1,22.380113238826777,0,0,7.8792,1,0,0,1,0,1,0,0,0,1,-0.5334594740350361,-0.48977642625839407
359,360,1,22.380113238826777,0,0,7.8792,1,0,0,1,0,1,0,0,0,1,-0.5334594740350361,-0.48977642625839407
360,361,0,40.0,1,4,27.9,1,0,0,0,1,0,1,0,0,1,0.7599999653082798,-0.08666388103324908
361,362,0,29.0,1,0,27.7208,1,0,1,0,0,0,1,0,1,0,-0.04749976642263496,-0.09027201697708476
362,363,0,45.0,0,1,14.4542,1,0,1,0,0,1,0,0,0,1,1.1270452979132413,-0.3573908580066095
363,364,0,35.0,0,0,7.05,1,0,0,0,1,0,1,0,0,1,0.3929546327033186,-0.5064721088735089
364,365,0,33.1283186868687,1,0,15.5,1,0,0,1,0,0,1,0,0,1,0.25555625468156506,-0.3363340021468808
365,366,0,30.0,0,0,7.25,1,0,0,0,1,0,1,0,0,1,0.0259093000983573,-0.5024451714361923
366,367,1,60.0,1,0,75.25,0,1,1,0,0,1,0,1,0,0,2.2281812957281253,0.8667135572514657
367,368,1,22.876306861888096,0,0,7.2292,1,0,1,0,0,1,0,0,0,1,-0.4970343633524355,-0.5028639729296732
368,369,1,35.29582429902352,0,0,7.75,1,0,0,1,0,1,0,0,0,1,0.4146708183488622,-0.49237782784290063
369,370,1,24.0,0,0,69.3,0,1,1,0,0,1,0,1,0,0,-0.4145450990275963,0.7469121684912956
370,371,1,25.0,1,0,55.4417,0,1,1,0,0,0,1,1,0,0,-0.341136032506604,0.4678796330534696
371,372,0,18.0,1,0,6.4958,1,0,0,0,1,0,1,0,0,1,-0.8549994981535498,-0.5176307525123133
372,373,0,19.0,0,0,8.05,1,0,0,0,1,0,1,0,0,1,-0.7815904316325576,-0.4863374216869257
373,374,0,22.0,0,0,135.6333,1,0,1,0,0,0,1,1,0,0,-0.5613632320695808,2.0825124140450755
374,375,0,3.0,3,1,21.075,1,0,0,0,1,1,0,0,0,1,-1.9561354959684336,-0.22408312108167944
375,376,1,31.941293452380943,1,0,82.1708,1,0,1,0,0,1,0,1,0,0,0.1684178402809567,1.0060617003323709
376,377,1,22.0,0,0,7.25,1,0,0,0,1,1,0,0,0,1,-0.5613632320695808,-0.5024451714361923
377,378,0,27.0,0,2,211.5,0,1,1,0,0,0,1,1,0,0,-0.19431789946461947,3.610064686423428
378,379,0,20.0,0,0,4.0125,1,0,1,0,0,0,1,0,0,1,-0.7081813651115653,-0.5676312212027554
379,380,0,19.0,0,0,7.775,1,0,0,0,1,0,1,0,0,1,-0.7815904316325576,-0.4918744606632361
380,381,1,42.0,0,0,227.525,1,0,1,0,0,1,0,1,0,0,0.9068180983502644,3.9327230485884233
381,382,1,1.0,0,2,15.7417,1,0,1,0,0,1,0,0,0,1,-2.1029536290104183,-0.33146744825388363
382,383,0,32.0,0,0,7.925,1,0,0,0,1,0,1,0,0,1,0.1727274331403418,-0.4888542575852486
383,384,1,35.0,1,0,52.0,1,0,0,0,1,1,0,1,0,0,0.3929546327033186,0.39858208016340624
384,385,0,27.947206162930836,0,0,7.8958,1,0,0,0,1,0,1,0,0,1,-0.12478437924093588,-0.4894421904510968
385,386,0,18.0,0,0,73.5,1,0,0,0,1,0,1,0,1,0,-0.8549994981535498,0.8314778546749452
386,387,0,1.0,5,2,46.9,1,0,0,0,1,0,1,0,0,1,-2.1029536290104183,0.2958951755118318
387,388,1,36.0,0,0,13.0,1,0,0,0,1,1,0,0,1,0,0.46636369922431087,-0.3866707201133388
388,389,0,19.89558112671213,0,0,7.7292,1,0,0,1,0,0,1,0,0,1,-0.7158466571268016,-0.49279662933638163
389,390,1,17.0,0,0,12.0,1,0,1,0,0,1,0,0,1,0,-0.928408564674542,-0.40680540729992204
390,391,1,36.0,1,2,120.0,0,1,0,0,1,0,1,1,0,0,0.46636369922431087,1.7677408088510642
391,392,1,21.0,0,0,7.7958,1,0,0,0,1,0,1,0,0,1,-0.634772298590573,-0.49145565916975514
392,393,0,28.0,2,0,7.925,1,0,0,0,1,0,1,0,0,1,-0.12090883294362723,-0.4888542575852486
393,394,1,23.0,1,0,113.275,0,1,1,0,0,1,0,1,0,0,-0.4879541655485885,1.6323350375212924
394,395,1,24.0,0,2,16.7,0,1,0,0,1,1,0,0,0,1,-0.4145450990275963,-0.312172377522981
395,396,0,22.0,0,0,7.7958,1,0,0,0,1,0,1,0,0,1,-0.5613632320695808,-0.49145565916975514
396,397,0,31.0,0,0,7.8542,1,0,0,0,1,1,0,0,0,1,0.09931836661934956,-0.4902797934380587
397,398,0,46.0,0,0,26.0,1,0,0,0,1,0,1,0,1,0,1.2004543644342334,-0.12491978668775715
398,399,0,23.0,0,0,10.5,1,0,0,0,1,0,1,0,1,0,-0.4879541655485885,-0.43700743807979686
399,400,1,28.0,0,0,12.65,1,0,0,0,1,1,0,0,1,0,-0.12090883294362723,-0.393717860628643
400,401,1,39.0,0,0,7.925,1,0,0,0,1,0,1,0,0,1,0.6865908987872876,-0.4888542575852486
401,402,0,26.0,0,0,8.05,1,0,0,0,1,0,1,0,0,1,-0.26772696598561174,-0.4863374216869257
402,403,0,21.0,1,0,9.825,1,0,0,0,1,1,0,0,0,1,-0.634772298590573,-0.4505983519307405
403,404,0,28.0,1,0,15.85,1,0,0,0,1,0,1,0,0,1,-0.12090883294362723,-0.32928686163157667
404,405,0,20.0,0,0,8.6625,1,0,0,0,1,1,0,0,0,1,-0.7081813651115653,-0.47400492578514347
405,406,0,34.0,1,0,21.0,1,0,0,0,1,0,1,0,1,0,0.3195455661823263,-0.22559322262067316
406,407,0,51.0,0,0,7.75,1,0,0,0,1,0,1,0,0,1,1.5674996970391948,-0.49237782784290063
407,408,1,3.0,1,1,18.75,1,0,0,0,1,0,1,0,1,0,-1.9561354959684336,-0.2708962687904854
408,409,0,21.0,0,0,7.775,1,0,0,0,1,0,1,0,0,1,-0.634772298590573,-0.4918744606632361
409,410,0,7.325034541847046,3,1,25.4667,1,0,0,0,1,1,0,0,0,1,-1.6386387475803947,-0.13565761536436197
410,411,0,27.947206162930836,0,0,7.8958,1,0,0,0,1,0,1,0,0,1,-0.12478437924093588,-0.4894421904510968
411,412,0,20.681314880952385,0,0,6.8583,1,0,0,1,0,0,1,0,0,1,-0.6581666756939897,-0.5103319284071769
412,413,1,33.0,1,0,90.0,0,1,0,1,0,1,0,1,0,0,0.24613649966133408,1.163700193253568
413,414,0,35.05181756856166,0,0,0.0,1,0,0,0,1,0,1,0,1,0,0.3967585120408176,-0.6484216535389205
414,415,1,44.0,0,0,7.925,1,0,0,0,1,0,1,0,0,1,1.053636231392249,-0.4888542575852486
415,416,0,30.70572677927052,0,0,8.05,1,0,0,0,1,1,0,0,0,1,0.07771604418347255,-0.4863374216869257
416,417,1,34.0,1,1,32.5,1,0,0,0,1,1,0,0,1,0,0.3195455661823263,0.005955680025033696
417,418,1,18.0,0,2,13.0,1,0,0,0,1,1,0,0,1,0,-0.8549994981535498,-0.3866707201133388
418,419,0,30.0,0,0,13.0,1,0,0,0,1,0,1,0,1,0,0.0259093000983573,-0.3866707201133388
419,420,0,10.0,0,2,24.15,1,0,0,0,1,1,0,0,0,1,-1.442272030321488,-0.1621689579829361
420,421,0,27.947206162930836,0,0,7.8958,1,0,1,0,0,0,1,0,0,1,-0.12478437924093588,-0.4894421904510968
421,422,0,21.0,0,0,7.7333,1,0,0,1,0,0,1,0,0,1,-0.634772298590573,-0.49271407711891657
422,423,0,29.0,0,0,7.875,1,0,0,0,1,0,1,0,0,1,-0.04749976642263496,-0.4898609919445778
423,424,0,28.0,1,1,14.4,1,0,0,0,1,1,0,0,0,1,-0.12090883294362723,-0.35848215805212236
424,425,0,18.0,1,1,20.2125,1,0,0,0,1,0,1,0,0,1,-0.8549994981535498,-0.2414492887801075
425,426,0,29.78279612980004,0,0,7.25,1,0,0,0,1,0,1,0,0,1,0.009964566742231491,-0.5024451714361923
426,427,1,28.0,1,0,26.0,1,0,0,0,1,1,0,0,1,0,-0.12090883294362723,-0.12491978668775715
427,428,1,19.0,0,0,26.0,1,0,0,0,1,1,0,0,1,0,-0.7815904316325576,-0.12491978668775715
428,429,0,35.29582429902352,0,0,7.75,1,0,0,1,0,0,1,0,0,1,0.4146708183488622,-0.49237782784290063
429,430,1,32.0,0,0,8.05,0,1,0,0,1,0,1,0,0,1,0.1727274331403418,-0.4863374216869257
430,431,1,28.0,0,0,26.55,0,1,0,0,1,0,1,1,0,0,-0.12090883294362723,-0.11384570873513637
431,432,1,26.689168488455994,1,0,16.1,1,0,0,0,1,1,0,0,0,1,-0.21713575057237397,-0.32425318983493084
432,433,1,42.0,1,0,26.0,1,0,0,0,1,1,0,0,1,0,0.9068180983502644,-0.12491978668775715
433,434,0,17.0,0,0,7.125,1,0,0,0,1,0,1,0,0,1,-0.928408564674542,-0.5049620073345151
434,435,0,50.0,1,0,55.9,0,1,0,0,1,0,1,1,0,0,1.4940906305182025,0.4771073601910807
435,436,1,14.0,1,2,120.0,0,1,0,0,1,1,0,1,0,0,-1.148635764237519,1.7677408088510642
436,437,0,21.0,2,2,34.375,1,0,0,0,1,1,0,0,0,1,-0.634772298590573,0.04370821849987721
437,438,1,24.0,2,3,18.75,1,0,0,0,1,1,0,0,1,0,-0.4145450990275963,-0.2708962687904854
438,439,0,64.0,1,4,263.0,0,1,0,0,1,0,1,1,0,0,2.5218175618120946,4.647001076532463
439,440,0,31.0,0,0,10.5,1,0,0,0,1,0,1,0,1,0,0.09931836661934956,-0.43700743807979686
440,441,1,45.0,1,1,26.25,1,0,0,0,1,1,0,0,1,0,1.1270452979132413,-0.11988611489111134
441,442,0,20.0,0,0,9.5,1,0,0,0,1,0,1,0,0,1,-0.7081813651115653,-0.45714212526638004
442,443,0,25.0,1,0,7.775,1,0,0,0,1,0,1,0,0,1,-0.341136032506604,-0.4918744606632361
443,444,1,28.0,0,0,13.0,1,0,0,0,1,1,0,0,1,0,-0.12090883294362723,-0.3866707201133388
444,445,1,23.47643238964372,0,0,8.1125,1,0,0,0,1,0,1,0,0,1,-0.45297970856447745,-0.48507900373776425
445,446,1,4.0,0,2,81.8583,0,1,0,0,1,0,1,1,0,0,-1.8827264294474415,0.9997696105865636
446,447,1,13.0,0,1,19.5,1,0,0,0,1,1,0,0,1,0,-1.2220448307585112,-0.255795253400548
447,448,1,34.0,0,0,26.55,1,0,0,0,1,0,1,1,0,0,0.3195455661823263,-0.11384570873513637
448,449,1,5.0,2,1,19.2583,1,0,1,0,0,1,0,0,0,1,-1.8093173629264492,-0.26066180729354516
449,450,1,52.0,0,0,30.5,0,1,0,0,1,0,1,1,0,0,1.6409087635601871,-0.034313694348132716
450,451,0,36.0,1,2,27.75,1,0,0,0,1,0,1,0,1,0,0.46636369922431087,-0.08968408411123653
451,452,0,24.090227976190487,1,0,19.9667,1,0,0,0,1,0,1,0,0,1,-0.4079215475213743,-0.2463983948905696
452,453,0,30.0,0,0,27.75,0,1,1,0,0,0,1,1,0,0,0.0259093000983573,-0.08968408411123653
453,454,1,49.0,1,0,89.1042,0,1,1,0,0,0,1,1,0,0,1.4206815639972101,1.145663540471827
454,455,0,30.70572677927052,0,0,8.05,1,0,0,0,1,0,1,0,0,1,0.07771604418347255,-0.4863374216869257
455,456,1,29.0,0,0,7.8958,1,0,1,0,0,0,1,0,0,1,-0.04749976642263496,-0.4894421904510968
456,457,0,65.0,0,0,26.55,0,1,0,0,1,0,1,1,0,0,2.5952266283330867,-0.11384570873513637
457,458,1,44.06001827200576,1,0,51.8625,0,1,0,0,1,1,0,1,0,0,1.058042116714395,0.395813560675251
458,459,1,50.0,0,0,10.5,1,0,0,0,1,1,0,0,1,0,1.4940906305182025,-0.43700743807979686
459,460,0,35.29582429902352,0,0,7.75,1,0,0,1,0,0,1,0,0,1,0.4146708183488622,-0.49237782784290063
460,461,1,48.0,0,0,26.55,0,1,0,0,1,0,1,1,0,0,1.347272497476218,-0.11384570873513637
461,462,0,34.0,0,0,8.05,1,0,0,0,1,0,1,0,0,1,0.3195455661823263,-0.4863374216869257
462,463,0,47.0,0,0,38.5,0,1,0,0,1,0,1,1,0,0,1.2738634309552257,0.12676380314453292
463,464,0,48.0,0,0,13.0,1,0,0,0,1,0,1,0,1,0,1.347272497476218,-0.3866707201133388
464,465,0,30.70572677927052,0,0,8.05,1,0,0,0,1,0,1,0,0,1,0.07771604418347255,-0.4863374216869257
465,466,0,38.0,0,0,7.05,1,0,0,0,1,0,1,0,0,1,0.6131818322662954,-0.5064721088735089
466,467,0,35.05181756856166,0,0,0.0,1,0,0,0,1,0,1,0,1,0,0.3967585120408176,-0.6484216535389205
467,468,0,56.0,0,0,26.55,1,0,0,0,1,0,1,1,0,0,1.934545029644156,-0.11384570873513637
468,469,0,19.89558112671213,0,0,7.725,1,0,0,1,0,0,1,0,0,1,-0.7158466571268016,-0.4928811950225652
469,470,1,0.75,2,1,19.2583,1,0,1,0,0,1,0,0,0,1,-2.1213058956406665,-0.26066180729354516
470,471,0,29.78279612980004,0,0,7.25,1,0,0,0,1,0,1,0,0,1,0.009964566742231491,-0.5024451714361923
471,472,0,38.0,0,0,8.6625,1,0,0,0,1,0,1,0,0,1,0.6131818322662954,-0.47400492578514347
472,473,1,33.0,1,2,27.75,1,0,0,0,1,1,0,0,1,0,0.24613649966133408,-0.08968408411123653
473,474,1,23.0,0,0,13.7917,0,1,1,0,0,1,0,0,1,0,-0.4879541655485885,-0.3707300882677209
474,475,0,22.0,0,0,9.8375,1,0,0,0,1,1,0,0,0,1,-0.5613632320695808,-0.45034666834090825
475,476,0,44.65953055555558,0,0,52.0,0,1,0,0,1,0,1,1,0,0,1.1020517538176553,0.39858208016340624
476,477,0,34.0,1,0,21.0,1,0,0,0,1,0,1,0,1,0,0.3195455661823263,-0.22559322262067316
477,478,0,29.0,1,0,7.0458,1,0,0,0,1,0,1,0,0,1,-0.04749976642263496,-0.5065566745596926
478,479,0,22.0,0,0,7.5208,1,0,0,0,1,0,1,0,0,1,-0.5613632320695808,-0.4969926981460655
479,480,1,2.0,0,1,12.2875,1,0,0,0,1,1,0,0,0,1,-2.029544562489426,-0.4010166847337793
480,481,0,9.0,5,2,46.9,1,0,0,0,1,0,1,0,0,1,-1.51568109684248,0.2958951755118318
481,482,0,35.05181756856166,0,0,0.0,1,0,0,0,1,0,1,0,1,0,0.3967585120408176,-0.6484216535389205
482,483,0,50.0,0,0,8.05,1,0,0,0,1,0,1,0,0,1,1.4940906305182025,-0.4863374216869257
483,484,1,63.0,0,0,9.5875,1,0,0,0,1,1,0,0,0,1,2.448408495291102,-0.455380340137554
484,485,1,25.0,1,0,91.0792,0,1,1,0,0,0,1,1,0,0,-0.341136032506604,1.1854295476653287
485,486,0,7.325034541847046,3,1,25.4667,1,0,0,0,1,1,0,0,0,1,-1.6386387475803947,-0.13565761536436197
486,487,1,35.0,1,0,90.0,0,1,0,0,1,1,0,1,0,0,0.3929546327033186,1.163700193253568
487,488,0,58.0,0,0,29.7,0,1,1,0,0,0,1,1,0,0,2.0813631626861406,-0.05042144409739929
488,489,0,30.0,0,0,8.05,1,0,0,0,1,0,1,0,0,1,0.0259093000983573,-0.4863374216869257
489,490,1,9.0,1,1,15.9,1,0,0,0,1,0,1,0,0,1,-1.51568109684248,-0.32828012727224753
490,491,0,24.090227976190487,1,0,19.9667,1,0,0,0,1,0,1,0,0,1,-0.4079215475213743,-0.2463983948905696
491,492,0,21.0,0,0,7.25,1,0,0,0,1,0,1,0,0,1,-0.634772298590573,-0.5024451714361923
492,493,0,55.0,0,0,30.5,0,1,0,0,1,0,1,1,0,0,1.8611359631231639,-0.034313694348132716
493,494,0,71.0,0,0,49.5042,1,0,1,0,0,0,1,1,0,0,3.0356810274590402,0.3483299278831318
494,495,0,21.0,0,0,8.05,1,0,0,0,1,0,1,0,0,1,-0.634772298590573,-0.4863374216869257
495,496,0,18.201544841269857,0,0,14.4583,1,0,1,0,0,0,1,0,0,1,-0.840204279493808,-0.3573083057891445
496,497,1,54.0,1,0,78.2667,0,1,1,0,0,1,0,1,0,0,1.7877268966021715,0.9274538680872313
497,498,0,25.76222529761905,0,0,15.1,1,0,0,0,1,0,1,0,0,1,-0.28518178492970403,-0.3443878770215141
498,499,0,25.0,1,2,151.55,0,1,0,0,1,1,0,1,0,0,-0.341136032506604,2.4029901895877646
499,500,0,24.0,0,0,7.7958,1,0,0,0,1,0,1,0,0,1,-0.4145450990275963,-0.49145565916975514
500,501,0,17.0,0,0,8.6625,1,0,0,0,1,0,1,0,0,1,-0.928408564674542,-0.47400492578514347
501,502,0,21.0,0,0,7.75,1,0,0,1,0,1,0,0,0,1,-0.634772298590573,-0.49237782784290063
502,503,0,26.820732810245318,0,0,7.6292,1,0,0,1,0,1,0,0,0,1,-0.2074777365223523,-0.4948100980550399
503,504,0,37.0,0,0,9.5875,1,0,0,0,1,1,0,0,0,1,0.5397727657453031,-0.455380340137554
504,505,1,16.0,0,0,86.5,0,1,0,0,1,1,0,1,0,0,-1.0018176311955342,1.093228788100527
505,506,0,18.0,1,0,108.9,0,1,1,0,0,0,1,1,0,0,-0.8549994981535498,1.5442457810799908
506,507,1,33.0,0,2,26.0,1,0,0,0,1,1,0,0,1,0,0.24613649966133408,-0.12491978668775715
507,508,1,49.8994093015281,0,0,26.55,1,0,0,0,1,0,1,1,0,0,1.4867063612426858,-0.11384570873513637
508,509,0,28.0,0,0,22.525,1,0,0,0,1,0,1,0,0,1,-0.12090883294362723,-0.1948878246611338
509,510,1,26.0,0,0,56.4958,1,0,0,0,1,0,1,0,0,1,-0.26772696598561174,0.48910360681684706
510,511,1,29.0,0,0,7.75,1,0,0,1,0,0,1,0,0,1,-0.04749976642263496,-0.49237782784290063
511,512,0,30.70572677927052,0,0,8.05,1,0,0,0,1,0,1,0,0,1,0.07771604418347255,-0.4863374216869257
512,513,1,36.0,0,0,26.2875,0,1,0,0,1,0,1,1,0,0,0.46636369922431087,-0.11913106412161445
513,514,1,54.0,1,0,59.4,1,0,1,0,0,1,0,1,0,0,1.7877268966021715,0.5475787653441219
514,515,0,24.0,0,0,7.4958,1,0,0,0,1,0,1,0,0,1,-0.4145450990275963,-0.4974960653257301
515,516,0,47.0,0,0,34.0208,0,1,0,0,1,0,1,1,0,0,1.2738634309552257,0.036576512298389464
516,517,1,34.0,0,0,10.5,0,1,0,0,1,1,0,0,1,0,0.3195455661823263,-0.43700743807979686
517,518,0,34.17191527777778,0,0,24.15,1,0,0,1,0,0,1,0,0,1,0.3321657062446901,-0.1621689579829361
518,519,1,36.0,1,0,26.0,1,0,0,0,1,1,0,0,1,0,0.46636369922431087,-0.12491978668775715
519,520,0,32.0,0,0,7.8958,1,0,0,0,1,0,1,0,0,1,0.1727274331403418,-0.4894421904510968
520,521,1,30.0,0,0,93.5,0,1,0,0,1,1,0,1,0,0,0.0259093000983573,1.2341715984066093
521,522,0,22.0,0,0,7.8958,1,0,0,0,1,0,1,0,0,1,-0.5613632320695808,-0.4894421904510968
522,523,0,29.518205142080145,0,0,7.225,1,0,1,0,0,0,1,0,0,1,-0.00945881067615335,-0.5029485386158568
523,524,1,44.0,0,1,57.9792,0,1,1,0,0,1,0,1,0,0,1.053636231392249,0.5189714017894245
524,525,0,22.876306861888096,0,0,7.2292,1,0,1,0,0,0,1,0,0,1,-0.4970343633524355,-0.5028639729296732
525,526,0,40.5,0,0,7.75,1,0,0,1,0,0,1,0,0,1,0.796704498568776,-0.49237782784290063
526,527,1,50.0,0,0,10.5,1,0,0,0,1,1,0,0,1,0,1.4940906305182025,-0.43700743807979686
527,528,0,38.51549999999995,0,0,221.7792,0,1,0,0,1,0,1,1,0,0,0.6510242060578635,3.817033162951754
528,529,0,39.0,0,0,7.925,1,0,0,0,1,0,1,0,0,1,0.6865908987872876,-0.4888542575852486
529,530,0,23.0,2,1,11.5,1,0,0,0,1,0,1,0,1,0,-0.4879541655485885,-0.41687275089321363
530,531,1,2.0,1,1,26.0,1,0,0,0,1,1,0,0,1,0,-2.029544562489426,-0.12491978668775715
531,532,0,22.876306861888096,0,0,7.2292,1,0,1,0,0,0,1,0,0,1,-0.4970343633524355,-0.5028639729296732
532,533,0,17.0,1,1,7.2292,1,0,1,0,0,0,1,0,0,1,-0.928408564674542,-0.5028639729296732
533,534,1,7.995836309523811,0,2,22.3583,1,0,1,0,0,1,0,0,0,1,-1.589395815994612,-0.19824427701513722
534,535,0,30.0,0,0,8.6625,1,0,0,0,1,1,0,0,0,1,0.0259093000983573,-0.47400492578514347
535,536,1,7.0,0,2,26.25,1,0,0,0,1,1,0,0,1,0,-1.6624992298844647,-0.11988611489111134
536,537,0,45.0,0,0,26.55,0,1,0,0,1,0,1,1,0,0,1.1270452979132413,-0.11384570873513637
537,538,1,30.0,0,0,106.425,1,0,1,0,0,1,0,1,0,0,0.0259093000983573,1.4944124302931971
538,539,0,24.33696696428572,0,0,14.5,1,0,0,0,1,0,1,0,0,1,-0.38980866873096914,-0.35646868933346404
539,540,1,22.0,0,2,49.5,0,1,1,0,0,1,0,1,0,0,-0.5613632320695808,0.3482453621969482
540,541,1,36.0,0,2,71.0,0,1,0,0,1,1,0,1,0,0,0.46636369922431087,0.7811411367084872
541,542,0,9.0,4,2,31.275,1,0,0,0,1,1,0,0,0,1,-1.51568109684248,-0.01870931177853076
542,543,0,11.0,4,2,31.275,1,0,0,0,1,1,0,0,0,1,-1.3688629638004957,-0.01870931177853076
543,544,1,32.0,1,0,26.0,1,0,0,0,1,0,1,0,1,0,0.1727274331403418,-0.12491978668775715
544,545,0,50.0,1,0,106.425,0,1,1,0,0,0,1,1,0,0,1.4940906305182025,1.4944124302931971
545,546,0,64.0,0,0,26.0,1,0,0,0,1,0,1,1,0,0,2.5218175618120946,-0.12491978668775715
546,547,1,19.0,1,0,26.0,1,0,0,0,1,1,0,0,1,0,-0.7815904316325576,-0.12491978668775715
547,548,1,32.78652428266177,0,0,13.8625,1,0,1,0,0,0,1,0,1,0,0.23046544652663564,-0.3693045524149108
548,549,0,33.0,1,1,20.525,1,0,0,0,1,0,1,0,0,1,0.24613649966133408,-0.2351571990343002
549,550,1,8.0,1,1,36.75,1,0,0,0,1,0,1,0,1,0,-1.5890901633634724,0.09152810056801232
550,551,1,17.0,0,2,110.8833,0,1,1,0,0,0,1,1,0,0,-0.928408564674542,1.5841789061771412
551,552,0,27.0,0,0,26.0,1,0,0,0,1,0,1,0,1,0,-0.19431789946461947,-0.12491978668775715
552,553,0,26.381424902342278,0,0,7.8292,1,0,0,1,0,0,1,0,0,1,-0.23972691995680445,-0.49078316061772326
553,554,1,22.0,0,0,7.225,1,0,1,0,0,0,1,0,0,1,-0.5613632320695808,-0.5029485386158568
554,555,1,22.0,0,0,7.775,1,0,0,0,1,1,0,0,0,1,-0.5613632320695808,-0.4918744606632361
555,556,0,62.0,0,0,26.55,1,0,0,0,1,0,1,1,0,0,2.37499942877011,-0.11384570873513637
556,557,1,48.0,1,0,39.6,0,1,1,0,0,1,0,1,0,0,1.347272497476218,0.1489119590497745
557,558,0,38.51549999999995,0,0,227.525,1,0,1,0,0,0,1,1,0,0,0.6510242060578635,3.9327230485884233
558,559,1,39.0,1,1,79.65,0,1,0,0,1,1,0,1,0,0,0.6865908987872876,0.955306180872432
559,560,1,36.0,1,0,17.4,1,0,0,0,1,1,0,0,0,1,0.46636369922431087,-0.29807809649237277
560,561,0,35.29582429902352,0,0,7.75,1,0,0,1,0,0,1,0,0,1,0.4146708183488622,-0.49237782784290063
561,562,0,40.0,0,0,7.8958,1,0,0,0,1,0,1,0,0,1,0.7599999653082798,-0.4894421904510968
562,563,0,28.0,0,0,13.5,1,0,0,0,1,0,1,0,1,0,-0.12090883294362723,-0.3766033765200472
563,564,0,30.70572677927052,0,0,8.05,1,0,0,0,1,0,1,0,0,1,0.07771604418347255,-0.4863374216869257
564,565,0,30.70572677927052,0,0,8.05,1,0,0,0,1,1,0,0,0,1,0.07771604418347255,-0.4863374216869257
565,566,0,24.0,2,0,24.15,1,0,0,0,1,0,1,0,0,1,-0.4145450990275963,-0.1621689579829361
566,567,0,19.0,0,0,7.8958,1,0,0,0,1,0,1,0,0,1,-0.7815904316325576,-0.4894421904510968
567,568,0,29.0,0,4,21.075,1,0,0,0,1,1,0,0,0,1,-0.04749976642263496,-0.22408312108167944
568,569,0,22.876306861888096,0,0,7.2292,1,0,1,0,0,0,1,0,0,1,-0.4970343633524355,-0.5028639729296732
569,570,1,32.0,0,0,7.8542,1,0,0,0,1,0,1,0,0,1,0.1727274331403418,-0.4902797934380587
570,571,1,62.0,0,0,10.5,1,0,0,0,1,0,1,0,1,0,2.37499942877011,-0.43700743807979686
571,572,1,53.0,2,0,51.4792,0,1,0,0,1,1,0,1,0,0,1.7143178300811792,0.38809593507663365
572,573,1,36.0,0,0,26.3875,0,1,0,0,1,0,1,1,0,0,0.46636369922431087,-0.11711759540295616
573,574,1,35.29582429902352,0,0,7.75,1,0,0,1,0,1,0,0,0,1,0.4146708183488622,-0.49237782784290063
574,575,0,16.0,0,0,8.05,1,0,0,0,1,0,1,0,0,1,-1.0018176311955342,-0.4863374216869257
575,576,0,19.0,0,0,14.5,1,0,0,0,1,0,1,0,0,1,-0.7815904316325576,-0.35646868933346404
576,577,1,34.0,0,0,13.0,1,0,0,0,1,1,0,0,1,0,0.3195455661823263,-0.3866707201133388
577,578,1,39.0,1,0,55.9,0,1,0,0,1,1,0,1,0,0,0.6865908987872876,0.4771073601910807
578,579,0,20.07085523088026,1,0,14.4583,1,0,1,0,0,1,0,0,0,1,-0.7029799487545161,-0.3573083057891445
579,580,1,32.0,0,0,7.925,1,0,0,0,1,0,1,0,0,1,0.1727274331403418,-0.4888542575852486
580,581,1,25.0,1,1,30.0,1,0,0,0,1,1,0,0,1,0,-0.341136032506604,-0.04438103794142432
581,582,1,39.0,1,1,110.8833,0,1,1,0,0,1,0,1,0,0,0.6865908987872876,1.5841789061771412
582,583,0,54.0,0,0,26.0,1,0,0,0,1,0,1,0,1,0,1.7877268966021715,-0.12491978668775715
583,584,0,36.0,0,0,40.125,0,1,1,0,0,0,1,1,0,0,0.46636369922431087,0.15948266982273065
584,585,0,29.042938654807113,0,0,8.7125,1,0,1,0,0,0,1,0,0,1,-0.044347679855577686,-0.47299819142581434
585,586,1,18.0,0,2,79.65,0,1,0,0,1,1,0,1,0,0,-0.8549994981535498,0.955306180872432
586,587,0,47.0,0,0,15.0,1,0,0,0,1,0,1,0,1,0,1.2738634309552257,-0.3464013457401724
587,588,1,60.0,1,1,79.2,0,1,1,0,0,0,1,1,0,0,2.2281812957281253,0.9462455716384695
588,589,0,22.0,0,0,8.05,1,0,0,0,1,0,1,0,0,1,-0.5613632320695808,-0.4863374216869257
589,590,0,30.70572677927052,0,0,8.05,1,0,0,0,1,0,1,0,0,1,0.07771604418347255,-0.4863374216869257
590,591,0,35.0,0,0,7.125,1,0,0,0,1,0,1,0,0,1,0.3929546327033186,-0.5049620073345151
591,592,1,52.0,1,0,78.2667,0,1,1,0,0,1,0,1,0,0,1.6409087635601871,0.9274538680872313
592,593,0,47.0,0,0,7.25,1,0,0,0,1,0,1,0,0,1,1.2738634309552257,-0.5024451714361923
593,594,0,27.467894283870724,0,2,7.75,1,0,0,1,0,1,0,0,0,1,-0.1599702168551615,-0.49237782784290063
594,595,0,37.0,1,0,26.0,1,0,0,0,1,0,1,0,1,0,0.5397727657453031,-0.12491978668775715
595,596,0,36.0,1,1,24.15,1,0,0,0,1,0,1,0,0,1,0.46636369922431087,-0.1621689579829361
596,597,1,24.401230137917672,0,0,33.0,1,0,0,0,1,1,0,0,1,0,-0.385091169142971,0.016023023618325298
597,598,0,49.0,0,0,0.0,1,0,0,0,1,0,1,0,0,1,1.4206815639972101,-0.6484216535389205
598,599,0,29.518205142080145,0,0,7.225,1,0,1,0,0,0,1,0,0,1,-0.00945881067615335,-0.5029485386158568
599,600,1,49.0,1,0,56.9292,0,1,1,0,0,0,1,1,0,0,1.4206815639972101,0.49782998024351216
600,601,1,24.0,2,1,27.0,1,0,0,0,1,1,0,0,1,0,-0.4145450990275963,-0.10478509950117394
601,602,0,27.947206162930836,0,0,7.8958,1,0,0,0,1,0,1,0,0,1,-0.12478437924093588,-0.4894421904510968
602,603,0,37.51615833333333,0,0,42.4,1,0,0,0,1,0,1,1,0,0,0.577663467172334,0.2052890831722074
603,604,0,44.0,0,0,8.05,1,0,0,0,1,0,1,0,0,1,1.053636231392249,-0.4863374216869257
604,605,1,35.0,0,0,26.55,1,0,1,0,0,0,1,1,0,0,0.3929546327033186,-0.11384570873513637
605,606,0,36.0,1,0,15.55,1,0,0,0,1,0,1,0,0,1,0.46636369922431087,-0.3353272677875516
606,607,0,30.0,0,0,7.8958,1,0,0,0,1,0,1,0,0,1,0.0259093000983573,-0.4894421904510968
607,608,1,27.0,0,0,30.5,1,0,0,0,1,0,1,1,0,0,-0.19431789946461947,-0.034313694348132716
608,609,1,22.0,1,2,41.5792,1,0,1,0,0,1,0,0,1,0,-0.5613632320695808,0.18876253192945994
609,610,1,40.0,0,0,153.4625,0,1,0,0,1,1,0,1,0,0,0.7599999653082798,2.441497778832105
610,611,0,39.0,1,5,31.275,1,0,0,0,1,1,0,0,0,1,0.6865908987872876,-0.01870931177853076
611,612,0,27.868736986624462,0,0,7.05,1,0,0,0,1,0,1,0,0,1,-0.13054472822425797,-0.5064721088735089
612,613,1,33.1283186868687,1,0,15.5,1,0,0,1,0,1,0,0,0,1,0.25555625468156506,-0.3363340021468808
613,614,0,35.29582429902352,0,0,7.75,1,0,0,1,0,0,1,0,0,1,0.4146708183488622,-0.49237782784290063
614,615,0,35.0,0,0,8.05,1,0,0,0,1,0,1,0,0,1,0.3929546327033186,-0.4863374216869257
615,616,1,24.0,1,2,65.0,1,0,0,0,1,1,0,0,1,0,-0.4145450990275963,0.6603330135889879
616,617,0,34.0,1,1,14.4,1,0,0,0,1,0,1,0,0,1,0.3195455661823263,-0.35848215805212236
617,618,0,26.0,1,0,16.1,1,0,0,0,1,1,0,0,0,1,-0.26772696598561174,-0.32425318983493084
618,619,1,4.0,2,1,39.0,0,1,0,0,1,1,0,0,1,0,-1.8827264294474415,0.13683114673782454
619,620,0,26.0,0,0,10.5,1,0,0,0,1,0,1,0,1,0,-0.26772696598561174,-0.43700743807979686
620,621,0,27.0,1,0,14.4542,1,0,1,0,0,0,1,0,0,1,-0.19431789946461947,-0.3573908580066095
621,622,1,42.0,1,0,52.5542,0,1,0,0,1,0,1,1,0,0,0.9068180983502644,0.40974072380221066
622,623,1,20.0,1,1,15.7417,1,0,1,0,0,0,1,0,0,1,-0.7081813651115653,-0.33146744825388363
623,624,0,21.0,0,0,7.8542,1,0,0,0,1,0,1,0,0,1,-0.634772298590573,-0.4902797934380587
624,625,0,21.0,0,0,16.1,1,0,0,0,1,0,1,0,0,1,-0.634772298590573,-0.32425318983493084
625,626,0,61.0,0,0,32.3208,0,1,0,0,1,0,1,1,0,0,2.3015903622491174,0.002347544081197954
626,627,0,57.0,0,0,12.35,1,0,0,1,0,0,1,0,1,0,2.0079540961651485,-0.3997582667846179
627,628,1,21.0,0,0,77.9583,0,1,0,0,1,1,0,1,0,0,-0.634772298590573,0.921244330558889
628,629,0,26.0,0,0,7.8958,1,0,0,0,1,0,1,0,0,1,-0.26772696598561174,-0.4894421904510968
629,630,0,19.89558112671213,0,0,7.7333,1,0,0,1,0,0,1,0,0,1,-0.7158466571268016,-0.49271407711891657
630,631,1,80.0,0,0,30.0,0,1,0,0,1,0,1,1,0,0,3.6963626261479705,-0.04438103794142432
631,632,0,51.0,0,0,7.0542,1,0,0,0,1,0,1,0,0,1,1.5674996970391948,-0.5063875431873253
632,633,1,32.0,0,0,30.5,0,1,1,0,0,0,1,1,0,0,0.1727274331403418,-0.034313694348132716
633,634,0,38.83477483766232,0,0,0.0,1,0,0,0,1,0,1,1,0,0,0.6744618738542993,-0.6484216535389205
634,635,0,9.0,3,2,27.9,1,0,0,0,1,1,0,0,0,1,-1.51568109684248,-0.08666388103324908
635,636,1,28.0,0,0,13.0,1,0,0,0,1,1,0,0,1,0,-0.12090883294362723,-0.3866707201133388
636,637,0,32.0,0,0,7.925,1,0,0,0,1,0,1,0,0,1,0.1727274331403418,-0.4888542575852486
637,638,0,31.0,1,1,26.25,1,0,0,0,1,0,1,0,1,0,0.09931836661934956,-0.11988611489111134
638,639,0,41.0,0,5,39.6875,1,0,0,0,1,1,0,0,0,1,0.8334090318292722,0.1506737441786005
639,640,0,26.689168488455994,1,0,16.1,1,0,0,0,1,0,1,0,0,1,-0.21713575057237397,-0.32425318983493084
640,641,0,20.0,0,0,7.8542,1,0,0,0,1,0,1,0,0,1,-0.7081813651115653,-0.4902797934380587
641,642,1,24.0,0,0,69.3,0,1,1,0,0,1,0,1,0,0,-0.4145450990275963,0.7469121684912956
642,643,0,2.0,3,2,27.9,1,0,0,0,1,1,0,0,0,1,-2.029544562489426,-0.08666388103324908
643,644,1,29.56889808802305,0,0,56.4958,1,0,0,0,1,0,1,0,0,1,-0.005737488835285501,0.48910360681684706
644,645,1,0.75,2,1,19.2583,1,0,1,0,0,1,0,0,0,1,-2.1213058956406665,-0.26066180729354516
645,646,1,48.0,1,0,76.7292,0,1,1,0,0,0,1,1,0,0,1.347272497476218,0.8964967865378598
646,647,0,19.0,0,0,7.8958,1,0,0,0,1,0,1,0,0,1,-0.7815904316325576,-0.4894421904510968
647,648,1,56.0,0,0,35.5,0,1,1,0,0,0,1,1,0,0,1.934545029644156,0.06635974158478332
648,649,0,31.108384523809526,0,0,7.55,1,0,0,0,1,0,1,0,0,1,0.10727477333752916,-0.49640476528021726
649,650,1,23.0,0,0,7.55,1,0,0,0,1,1,0,0,0,1,-0.4879541655485885,-0.49640476528021726
650,651,0,27.947206162930836,0,0,7.8958,1,0,0,0,1,0,1,0,0,1,-0.12478437924093588,-0.4894421904510968
651,652,1,18.0,0,1,23.0,1,0,0,0,1,1,0,0,1,0,-0.8549994981535498,-0.18532384824750675
652,653,0,21.0,0,0,8.4333,1,0,0,0,1,0,1,0,0,1,-0.634772298590573,-0.47861979608830835
653,654,1,26.381424902342278,0,0,7.8292,1,0,0,1,0,1,0,0,0,1,-0.23972691995680445,-0.49078316061772326
654,655,0,18.0,0,0,6.75,1,0,0,1,0,1,0,0,0,1,-0.8549994981535498,-0.5125125150294839
655,656,0,24.0,2,0,73.5,1,0,0,0,1,0,1,0,1,0,-0.4145450990275963,0.8314778546749452
656,657,0,27.947206162930836,0,0,7.8958,1,0,0,0,1,0,1,0,0,1,-0.12478437924093588,-0.4894421904510968
657,658,0,32.0,1,1,15.5,1,0,0,1,0,1,0,0,0,1,0.1727274331403418,-0.3363340021468808
658,659,0,23.0,0,0,13.0,1,0,0,0,1,0,1,0,1,0,-0.4879541655485885,-0.3866707201133388
659,660,0,58.0,0,2,113.275,0,1,1,0,0,0,1,1,0,0,2.0813631626861406,1.6323350375212924
660,661,1,50.0,2,0,133.65,1,0,0,0,1,0,1,1,0,0,1.4940906305182025,2.042579288947925
661,662,0,40.0,0,0,7.225,1,0,1,0,0,0,1,0,0,1,0.7599999653082798,-0.5029485386158568
662,663,0,47.0,0,0,25.5875,0,1,0,0,1,0,1,1,0,0,1.2738634309552257,-0.13322534515222276
663,664,0,36.0,0,0,7.4958,1,0,0,0,1,0,1,0,0,1,0.46636369922431087,-0.4974960653257301
664,665,1,20.0,1,0,7.925,1,0,0,0,1,0,1,0,0,1,-0.7081813651115653,-0.4888542575852486
665,666,0,32.0,2,0,73.5,1,0,0,0,1,0,1,0,1,0,0.1727274331403418,0.8314778546749452
666,667,0,25.0,0,0,13.0,1,0,0,0,1,0,1,0,1,0,-0.341136032506604,-0.3866707201133388
667,668,0,27.51545426285116,0,0,7.775,1,0,0,0,1,0,1,0,0,1,-0.15647888319444955,-0.4918744606632361
668,669,0,43.0,0,0,8.05,1,0,0,0,1,0,1,0,0,1,0.9802271648712567,-0.4863374216869257
669,670,1,39.08817813852811,1,0,52.0,0,1,0,0,1,1,0,1,0,0,0.6930639736241947,0.39858208016340624
670,671,1,40.0,1,1,39.0,1,0,0,0,1,1,0,0,1,0,0.7599999653082798,0.13683114673782454
671,672,0,31.0,1,0,52.0,0,1,0,0,1,0,1,1,0,0,0.09931836661934956,0.39858208016340624
672,673,0,70.0,0,0,10.5,1,0,0,0,1,0,1,0,1,0,2.962271960938048,-0.43700743807979686
673,674,1,31.0,0,0,13.0,1,0,0,0,1,0,1,0,1,0,0.09931836661934956,-0.3866707201133388
674,675,0,35.05181756856166,0,0,0.0,1,0,0,0,1,0,1,0,1,0,0.3967585120408176,-0.6484216535389205
675,676,0,18.0,0,0,7.775,1,0,0,0,1,0,1,0,0,1,-0.8549994981535498,-0.4918744606632361
676,677,0,24.5,0,0,8.05,1,0,0,0,1,0,1,0,0,1,-0.3778405657671001,-0.4863374216869257
677,678,1,18.0,0,0,9.8417,1,0,0,0,1,1,0,0,0,1,-0.8549994981535498,-0.45026210265472455
678,679,0,43.0,1,6,46.9,1,0,0,0,1,1,0,0,0,1,0.9802271648712567,0.2958951755118318
679,680,1,36.0,0,1,512.3292,0,1,1,0,0,0,1,1,0,0,0.46636369922431087,9.667166525013505
680,681,0,23.47643238964372,0,0,8.1375,1,0,0,1,0,1,0,0,0,1,-0.45297970856447745,-0.48457563655809965
681,682,1,27.0,0,0,76.7292,0,1,1,0,0,0,1,1,0,0,-0.19431789946461947,0.8964967865378598
682,683,0,20.0,0,0,9.225,1,0,0,0,1,0,1,0,0,1,-0.7081813651115653,-0.4626791642426904
683,684,0,14.0,5,2,46.9,1,0,0,0,1,0,1,0,0,1,-1.148635764237519,0.2958951755118318
684,685,0,60.0,1,1,39.0,1,0,0,0,1,0,1,0,1,0,2.2281812957281253,0.13683114673782454
685,686,0,25.0,1,2,41.5792,1,0,1,0,0,0,1,0,1,0,-0.341136032506604,0.18876253192945994
686,687,0,14.0,4,1,39.6875,1,0,0,0,1,0,1,0,0,1,-1.148635764237519,0.1506737441786005
687,688,0,19.0,0,0,10.1708,1,0,0,0,1,0,1,0,0,1,-0.7815904316325576,-0.44363577710162005
688,689,0,18.0,0,0,7.7958,1,0,0,0,1,0,1,0,0,1,-0.8549994981535498,-0.49145565916975514
689,690,1,15.0,0,1,211.3375,0,1,0,0,1,1,0,1,0,0,-1.0752266977165266,3.6067927997556075
690,691,1,31.0,1,0,57.0,0,1,0,0,1,0,1,1,0,0,0.09931836661934956,0.49925551609632224
691,692,1,4.0,0,1,13.4167,1,0,1,0,0,1,0,0,0,1,-1.8827264294474415,-0.37828059596268965
692,693,1,29.56889808802305,0,0,56.4958,1,0,0,0,1,0,1,0,0,1,-0.005737488835285501,0.48910360681684706
693,694,0,25.0,0,0,7.225,1,0,1,0,0,0,1,0,0,1,-0.341136032506604,-0.5029485386158568
694,695,0,60.0,0,0,26.55,1,0,0,0,1,0,1,1,0,0,2.2281812957281253,-0.11384570873513637
695,696,0,52.0,0,0,13.5,1,0,0,0,1,0,1,0,1,0,1.6409087635601871,-0.3766033765200472
696,697,0,44.0,0,0,8.05,1,0,0,0,1,0,1,0,0,1,1.053636231392249,-0.4863374216869257
697,698,1,19.89558112671213,0,0,7.7333,1,0,0,1,0,1,0,0,0,1,-0.7158466571268016,-0.49271407711891657
698,699,0,49.0,1,1,110.8833,0,1,1,0,0,0,1,1,0,0,1.4206815639972101,1.5841789061771412
699,700,0,42.0,0,0,7.65,0,1,0,0,1,0,1,0,0,1,0.9068180983502644,-0.494391296561559
700,701,1,18.0,1,0,227.525,0,1,1,0,0,1,0,1,0,0,-0.8549994981535498,3.9327230485884233
701,702,1,35.0,0,0,26.2875,0,1,0,0,1,0,1,1,0,0,0.3929546327033186,-0.11913106412161445
702,703,0,18.0,0,1,14.4542,1,0,1,0,0,1,0,0,0,1,-0.8549994981535498,-0.3573908580066095
703,704,0,25.0,0,0,7.7417,1,0,0,1,0,0,1,0,0,1,-0.341136032506604,-0.4925449457465493
704,705,0,26.0,1,0,7.8542,1,0,0,0,1,0,1,0,0,1,-0.26772696598561174,-0.4902797934380587
705,706,0,39.0,0,0,26.0,1,0,0,0,1,0,1,0,1,0,0.6865908987872876,-0.12491978668775715
706,707,1,45.0,0,0,13.5,1,0,0,0,1,1,0,0,1,0,1.1270452979132413,-0.3766033765200472
707,708,1,42.0,0,0,26.2875,0,1,0,0,1,0,1,1,0,0,0.9068180983502644,-0.11913106412161445
708,709,1,22.0,0,0,151.55,1,0,0,0,1,1,0,1,0,0,-0.5613632320695808,2.4029901895877646
709,710,1,17.090249285714286,1,1,15.2458,1,0,1,0,0,0,1,0,0,1,-0.92178344885607,-0.3414522396297103
710,711,1,24.0,0,0,49.5042,0,1,1,0,0,1,0,1,0,0,-0.4145450990275963,0.3483299278831318
711,712,0,49.8994093015281,0,0,26.55,0,1,0,0,1,0,1,1,0,0,1.4867063612426858,-0.11384570873513637
712,713,1,48.0,1,0,52.0,0,1,0,0,1,0,1,1,0,0,1.347272497476218,0.39858208016340624
713,714,0,29.0,0,0,9.4833,1,0,0,0,1,0,1,0,0,1,-0.04749976642263496,-0.457478374542396
714,715,0,52.0,0,0,13.0,1,0,0,0,1,0,1,0,1,0,1.6409087635601871,-0.3866707201133388
715,716,0,19.0,0,0,7.65,0,1,0,0,1,0,1,0,0,1,-0.7815904316325576,-0.494391296561559
716,717,1,38.0,0,0,227.525,0,1,1,0,0,1,0,1,0,0,0.6131818322662954,3.9327230485884233
717,718,1,27.0,0,0,10.5,0,1,0,0,1,1,0,0,1,0,-0.19431789946461947,-0.43700743807979686
718,719,0,27.308873908730178,0,0,15.5,1,0,0,1,0,0,1,0,0,1,-0.171643754152047,-0.3363340021468808
719,720,0,33.0,0,0,7.775,1,0,0,0,1,0,1,0,0,1,0.24613649966133408,-0.4918744606632361
720,721,1,6.0,0,1,33.0,1,0,0,0,1,1,0,0,1,0,-1.7359082964054569,0.016023023618325298
721,722,0,17.0,1,0,7.0542,1,0,0,0,1,0,1,0,0,1,-0.928408564674542,-0.5063875431873253
722,723,0,34.0,0,0,13.0,1,0,0,0,1,0,1,0,1,0,0.3195455661823263,-0.3866707201133388
723,724,0,50.0,0,0,13.0,1,0,0,0,1,0,1,0,1,0,1.4940906305182025,-0.3866707201133388
724,725,1,27.0,1,0,53.1,0,1,0,0,1,0,1,1,0,0,-0.19431789946461947,0.4207302360686478
725,726,0,20.0,0,0,8.6625,1,0,0,0,1,0,1,0,0,1,-0.7081813651115653,-0.47400492578514347
726,727,1,30.0,3,0,21.0,1,0,0,0,1,1,0,0,1,0,0.0259093000983573,-0.22559322262067316
727,728,1,19.89558112671213,0,0,7.7375,1,0,0,1,0,1,0,0,0,1,-0.7158466571268016,-0.4926295114327329
728,729,0,25.0,1,0,26.0,1,0,0,0,1,0,1,0,1,0,-0.341136032506604,-0.12491978668775715
729,730,0,25.0,1,0,7.925,1,0,0,0,1,1,0,0,0,1,-0.341136032506604,-0.4888542575852486
730,731,1,29.0,0,0,211.3375,0,1,0,0,1,1,0,1,0,0,-0.04749976642263496,3.6067927997556075
731,732,0,11.0,0,0,18.7875,1,0,1,0,0,0,1,0,0,1,-1.3688629638004957,-0.2701412180209885
732,733,0,35.05181756856166,0,0,0.0,1,0,0,0,1,0,1,0,1,0,0.3967585120408176,-0.6484216535389205
733,734,0,23.0,0,0,13.0,1,0,0,0,1,0,1,0,1,0,-0.4879541655485885,-0.3866707201133388
734,735,0,23.0,0,0,13.0,1,0,0,0,1,0,1,0,1,0,-0.4879541655485885,-0.3866707201133388
735,736,0,28.5,0,0,16.1,1,0,0,0,1,0,1,0,0,1,-0.08420429968313109,-0.32425318983493084
736,737,0,48.0,1,3,34.375,1,0,0,0,1,1,0,0,0,1,1.347272497476218,0.04370821849987721
737,738,1,35.0,0,0,512.3292,0,1,1,0,0,0,1,1,0,0,0.3929546327033186,9.667166525013505
738,739,0,27.947206162930836,0,0,7.8958,1,0,0,0,1,0,1,0,0,1,-0.12478437924093588,-0.4894421904510968
739,740,0,27.947206162930836,0,0,7.8958,1,0,0,0,1,0,1,0,0,1,-0.12478437924093588,-0.4894421904510968
740,741,1,38.4266317501942,0,0,30.0,0,1,0,0,1,0,1,1,0,0,0.6445004707962685,-0.04438103794142432
741,742,0,36.0,1,0,78.85,0,1,0,0,1,0,1,1,0,0,0.46636369922431087,0.9391984311231651
742,743,1,21.0,2,2,262.375,0,1,1,0,0,1,0,1,0,0,-0.634772298590573,4.634416897040849
743,744,0,24.0,1,0,16.1,1,0,0,0,1,0,1,0,0,1,-0.4145450990275963,-0.32425318983493084
744,745,1,31.0,0,0,7.925,1,0,0,0,1,0,1,0,0,1,0.09931836661934956,-0.4888542575852486
745,746,0,70.0,1,1,71.0,0,1,0,0,1,0,1,1,0,0,2.962271960938048,0.7811411367084872
746,747,0,16.0,1,1,20.25,1,0,0,0,1,0,1,0,0,1,-1.0018176311955342,-0.24069423801061057
747,748,1,30.0,0,0,13.0,1,0,0,0,1,1,0,0,1,0,0.0259093000983573,-0.3866707201133388
748,749,0,19.0,1,0,53.1,0,1,0,0,1,0,1,1,0,0,-0.7815904316325576,0.4207302360686478
749,750,0,31.0,0,0,7.75,1,0,0,1,0,0,1,0,0,1,0.09931836661934956,-0.49237782784290063
750,751,1,4.0,1,1,23.0,1,0,0,0,1,1,0,0,1,0,-1.8827264294474415,-0.18532384824750675
751,752,1,6.0,0,1,12.475,0,1,0,0,1,0,1,0,0,1,-1.7359082964054569,-0.397241430886295
752,753,0,33.0,0,0,9.5,1,0,0,0,1,0,1,0,0,1,0.24613649966133408,-0.45714212526638004
753,754,0,23.0,0,0,7.8958,1,0,0,0,1,0,1,0,0,1,-0.4879541655485885,-0.4894421904510968
754,755,1,48.0,1,2,65.0,1,0,0,0,1,1,0,0,1,0,1.347272497476218,0.6603330135889879
755,756,1,0.67,1,1,14.5,1,0,0,0,1,0,1,0,1,0,-2.127178620962346,-0.35646868933346404
756,757,0,28.0,0,0,7.7958,1,0,0,0,1,0,1,0,0,1,-0.12090883294362723,-0.49145565916975514
757,758,0,18.0,0,0,11.5,1,0,0,0,1,0,1,0,1,0,-0.8549994981535498,-0.41687275089321363
758,759,0,34.0,0,0,8.05,1,0,0,0,1,0,1,0,0,1,0.3195455661823263,-0.4863374216869257
759,760,1,33.0,0,0,86.5,0,1,0,0,1,1,0,1,0,0,0.24613649966133408,1.093228788100527
760,761,0,24.33696696428572,0,0,14.5,1,0,0,0,1,0,1,0,0,1,-0.38980866873096914,-0.35646868933346404
761,762,0,41.0,0,0,7.125,1,0,0,0,1,0,1,0,0,1,0.8334090318292722,-0.5049620073345151
762,763,1,20.0,0,0,7.2292,1,0,1,0,0,0,1,0,0,1,-0.7081813651115653,-0.5028639729296732
763,764,1,36.0,1,2,120.0,0,1,0,0,1,1,0,1,0,0,0.46636369922431087,1.7677408088510642
764,765,0,16.0,0,0,7.775,1,0,0,0,1,0,1,0,0,1,-1.0018176311955342,-0.4918744606632361
765,766,1,51.0,1,0,77.9583,0,1,0,0,1,1,0,1,0,0,1.5674996970391948,0.921244330558889
766,767,0,39.1629023809524,0,0,39.6,1,0,1,0,0,0,1,1,0,0,0.6985494105070505,0.1489119590497745
767,768,0,30.5,0,0,7.75,1,0,0,1,0,1,0,0,0,1,0.06261383335885343,-0.49237782784290063
768,769,0,33.54315507564331,1,0,24.15,1,0,0,1,0,0,1,0,0,1,0.2860090067404486,-0.1621689579829361
769,770,0,32.0,0,0,8.3625,1,0,0,0,1,0,1,0,0,1,0.1727274331403418,-0.4800453319411184
770,771,0,24.0,0,0,9.5,1,0,0,0,1,0,1,0,0,1,-0.4145450990275963,-0.45714212526638004
771,772,0,48.0,0,0,7.8542,1,0,0,0,1,0,1,0,0,1,1.347272497476218,-0.4902797934380587
772,773,0,57.0,0,0,10.5,0,1,0,0,1,1,0,0,1,0,2.0079540961651485,-0.43700743807979686
773,774,0,29.518205142080145,0,0,7.225,1,0,1,0,0,0,1,0,0,1,-0.00945881067615335,-0.5029485386158568
774,775,1,54.0,1,3,23.0,1,0,0,0,1,1,0,0,1,0,1.7877268966021715,-0.18532384824750675
775,776,0,18.0,0,0,7.75,1,0,0,0,1,0,1,0,0,1,-0.8549994981535498,-0.49237782784290063
776,777,0,35.29582429902352,0,0,7.75,0,1,0,1,0,0,1,0,0,1,0.4146708183488622,-0.49237782784290063
777,778,1,5.0,0,0,12.475,1,0,0,0,1,1,0,0,0,1,-1.8093173629264492,-0.397241430886295
778,779,0,19.89558112671213,0,0,7.7375,1,0,0,1,0,0,1,0,0,1,-0.7158466571268016,-0.4926295114327329
779,780,1,43.0,0,1,211.3375,0,1,0,0,1,1,0,1,0,0,0.9802271648712567,3.6067927997556075
780,781,1,13.0,0,0,7.2292,1,0,1,0,0,1,0,0,0,1,-1.2220448307585112,-0.5028639729296732
781,782,1,17.0,1,0,57.0,0,1,0,0,1,1,0,1,0,0,-0.928408564674542,0.49925551609632224
782,783,0,29.0,0,0,30.0,0,1,0,0,1,0,1,1,0,0,-0.04749976642263496,-0.04438103794142432
783,784,0,16.127950198412705,1,2,23.45,1,0,0,0,1,0,1,0,0,1,-0.9924249265688819,-0.17626323901354432
784,785,0,25.0,0,0,7.05,1,0,0,0,1,0,1,0,0,1,-0.341136032506604,-0.5064721088735089
785,786,0,25.0,0,0,7.25,1,0,0,0,1,0,1,0,0,1,-0.341136032506604,-0.5024451714361923
786,787,1,18.0,0,0,7.4958,1,0,0,0,1,1,0,0,0,1,-0.8549994981535498,-0.4974960653257301
787,788,0,8.0,4,1,29.125,1,0,0,1,0,0,1,0,0,1,-1.5890901633634724,-0.06199888922968463
788,789,1,1.0,1,2,20.575,1,0,0,0,1,0,1,0,0,1,-2.1029536290104183,-0.23415046467497105
789,790,0,46.0,0,0,79.2,0,1,1,0,0,0,1,1,0,0,1.2004543644342334,0.9462455716384695
790,791,0,35.29582429902352,0,0,7.75,1,0,0,1,0,0,1,0,0,1,0.4146708183488622,-0.49237782784290063
791,792,0,16.0,0,0,26.0,1,0,0,0,1,0,1,0,1,0,-1.0018176311955342,-0.12491978668775715
792,793,0,10.869866956654466,8,2,69.55,1,0,0,0,1,1,0,0,0,1,-1.378415909036027,0.7519458402879414
793,794,0,50.38328427128426,0,0,30.6958,1,0,1,0,0,0,1,1,0,0,1.5222271710853588,-0.030371322596999754
794,795,0,25.0,0,0,7.8958,1,0,0,0,1,0,1,0,0,1,-0.341136032506604,-0.4894421904510968
795,796,0,39.0,0,0,13.0,1,0,0,0,1,0,1,0,1,0,0.6865908987872876,-0.3866707201133388
796,797,1,49.0,0,0,25.9292,0,1,0,0,1,1,0,1,0,0,1.4206815639972101,-0.1263453225405672
797,798,1,31.0,0,0,8.6833,1,0,0,0,1,1,0,0,0,1,0.09931836661934956,-0.4735861242916626
798,799,0,30.0,0,0,7.2292,1,0,1,0,0,0,1,0,0,1,0.0259093000983573,-0.5028639729296732
799,800,0,30.0,1,1,24.15,1,0,0,0,1,1,0,0,0,1,0.0259093000983573,-0.1621689579829361
800,801,0,34.0,0,0,13.0,1,0,0,0,1,0,1,0,1,0,0.3195455661823263,-0.3866707201133388
801,802,1,31.0,1,1,26.25,1,0,0,0,1,1,0,0,1,0,0.09931836661934956,-0.11988611489111134
802,803,1,11.0,1,2,120.0,0,1,0,0,1,0,1,1,0,0,-1.3688629638004957,1.7677408088510642
803,804,1,0.42,0,1,8.5167,1,0,1,0,0,0,1,0,0,1,-2.1455308875925936,-0.47694056317694733
804,805,1,27.0,0,0,6.975,1,0,0,0,1,0,1,0,0,1,-0.19431789946461947,-0.5079822104125026
805,806,0,31.0,0,0,7.775,1,0,0,0,1,0,1,0,0,1,0.09931836661934956,-0.4918744606632361
806,807,0,39.0,0,0,0.0,0,1,0,0,1,0,1,1,0,0,0.6865908987872876,-0.6484216535389205
807,808,0,18.0,0,0,7.775,1,0,0,0,1,1,0,0,0,1,-0.8549994981535498,-0.4918744606632361
808,809,0,39.0,0,0,13.0,1,0,0,0,1,0,1,0,1,0,0.6865908987872876,-0.3866707201133388
809,810,1,33.0,1,0,53.1,0,1,0,0,1,1,0,1,0,0,0.24613649966133408,0.4207302360686478
810,811,0,26.0,0,0,7.8875,1,0,0,0,1,0,1,0,0,1,-0.26772696598561174,-0.4896093083547455
811,812,0,39.0,0,0,24.15,1,0,0,0,1,0,1,0,0,1,0.6865908987872876,-0.1621689579829361
812,813,0,35.0,0,0,10.5,1,0,0,0,1,0,1,0,1,0,0.3929546327033186,-0.43700743807979686
813,814,0,6.0,4,2,31.275,1,0,0,0,1,1,0,0,0,1,-1.7359082964054569,-0.01870931177853076
814,815,0,30.5,0,0,8.05,1,0,0,0,1,0,1,0,0,1,0.06261383335885343,-0.4863374216869257
815,816,0,38.83477483766232,0,0,0.0,0,1,0,0,1,0,1,1,0,0,0.6744618738542993,-0.6484216535389205
816,817,0,23.0,0,0,7.925,1,0,0,0,1,1,0,0,0,1,-0.4879541655485885,-0.4888542575852486
817,818,0,31.0,1,1,37.0042,1,0,1,0,0,0,1,0,1,0,0.09931836661934956,0.09664633805084172
818,819,0,43.0,0,0,6.45,1,0,0,0,1,0,1,0,0,1,0.9802271648712567,-0.5185529211854588
819,820,0,10.0,3,2,27.9,1,0,0,0,1,0,1,0,0,1,-1.442272030321488,-0.08666388103324908
820,821,1,52.0,1,1,93.5,0,1,0,0,1,1,0,1,0,0,1.6409087635601871,1.2341715984066093
821,822,1,27.0,0,0,8.6625,1,0,0,0,1,0,1,0,0,1,-0.19431789946461947,-0.47400492578514347
822,823,0,38.0,0,0,0.0,1,0,0,0,1,0,1,1,0,0,0.6131818322662954,-0.6484216535389205
823,824,1,27.0,0,1,12.475,0,1,0,0,1,1,0,0,0,1,-0.19431789946461947,-0.397241430886295
824,825,0,2.0,4,1,39.6875,1,0,0,0,1,0,1,0,0,1,-2.029544562489426,0.1506737441786005
825,826,0,35.10103453629703,0,0,6.95,1,0,0,1,0,0,1,0,0,1,0.4003714836992648,-0.5084855775921673
826,827,0,29.56889808802305,0,0,56.4958,1,0,0,0,1,0,1,0,0,1,-0.005737488835285501,0.48910360681684706
827,828,1,1.0,0,2,37.0042,1,0,1,0,0,0,1,0,1,0,-2.1029536290104183,0.09664633805084172
828,829,1,35.29582429902352,0,0,7.75,1,0,0,1,0,0,1,0,0,1,0.4146708183488622,-0.49237782784290063
829,830,1,62.0,0,0,80.0,0,1,0,0,0,1,0,1,0,0,2.37499942877011,0.962353321387736
830,831,1,15.0,1,0,14.4542,1,0,1,0,0,1,0,0,0,1,-1.0752266977165266,-0.3573908580066095
831,832,1,0.83,1,1,18.75,1,0,0,0,1,0,1,0,1,0,-2.1154331703189873,-0.2708962687904854
832,833,0,22.876306861888096,0,0,7.2292,1,0,1,0,0,0,1,0,0,1,-0.4970343633524355,-0.5028639729296732
833,834,0,23.0,0,0,7.8542,1,0,0,0,1,0,1,0,0,1,-0.4879541655485885,-0.4902797934380587
834,835,0,18.0,0,0,8.3,1,0,0,0,1,0,1,0,0,1,-0.8549994981535498,-0.48130374989027985
835,836,1,39.0,1,1,83.1583,0,1,1,0,0,1,0,1,0,0,0.6865908987872876,1.0259447039291216
836,837,0,21.0,0,0,8.6625,1,0,0,0,1,0,1,0,0,1,-0.634772298590573,-0.47400492578514347
837,838,0,30.70572677927052,0,0,8.05,1,0,0,0,1,0,1,0,0,1,0.07771604418347255,-0.4863374216869257
838,839,1,32.0,0,0,56.4958,1,0,0,0,1,0,1,0,0,1,0.1727274331403418,0.48910360681684706
839,840,1,50.910950126262655,0,0,29.7,0,1,1,0,0,0,1,1,0,0,1.5609626289343241,-0.05042144409739929
840,841,0,20.0,0,0,7.925,1,0,0,0,1,0,1,0,0,1,-0.7081813651115653,-0.4888542575852486
841,842,0,16.0,0,0,10.5,1,0,0,0,1,0,1,0,1,0,-1.0018176311955342,-0.43700743807979686
842,843,1,30.0,0,0,31.0,1,0,1,0,0,1,0,1,0,0,0.0259093000983573,-0.024246350754841113
843,844,0,34.5,0,0,6.4375,1,0,1,0,0,0,1,0,0,1,0.3562500994428225,-0.5188046047752911
844,845,0,17.0,0,0,8.6625,1,0,0,0,1,0,1,0,0,1,-0.928408564674542,-0.47400492578514347
845,846,0,42.0,0,0,7.55,1,0,0,0,1,0,1,0,0,1,0.9068180983502644,-0.49640476528021726
846,847,0,10.869866956654466,8,2,69.55,1,0,0,0,1,0,1,0,0,1,-1.378415909036027,0.7519458402879414
847,848,0,35.0,0,0,7.8958,1,0,1,0,0,0,1,0,0,1,0.3929546327033186,-0.4894421904510968
848,849,0,28.0,0,1,33.0,1,0,0,0,1,0,1,0,1,0,-0.12090883294362723,0.016023023618325298
849,850,1,43.96476448412697,1,0,89.1042,0,1,1,0,0,1,0,1,0,0,1.0510496250636239,1.145663540471827
850,851,0,4.0,4,2,31.275,1,0,0,0,1,0,1,0,0,1,-1.8827264294474415,-0.01870931177853076
851,852,0,74.0,0,0,7.775,1,0,0,0,1,0,1,0,0,1,3.255908227022017,-0.4918744606632361
852,853,0,9.0,1,1,15.2458,1,0,1,0,0,1,0,0,0,1,-1.51568109684248,-0.3414522396297103
853,854,1,16.0,0,1,39.4,0,1,0,0,1,1,0,1,0,0,-1.0018176311955342,0.14488502161245778
854,855,0,44.0,1,0,26.0,1,0,0,0,1,1,0,0,1,0,1.053636231392249,-0.12491978668775715
855,856,1,18.0,0,1,9.35,1,0,0,0,1,1,0,0,0,1,-0.8549994981535498,-0.4601623283443675
856,857,1,45.0,1,1,164.8667,1,0,0,0,1,1,0,1,0,0,1.1270452979132413,2.671117778445337
857,858,1,51.0,0,0,26.55,0,1,0,0,1,0,1,1,0,0,1.5674996970391948,-0.11384570873513637
858,859,1,24.0,0,3,19.2583,1,0,1,0,0,1,0,0,0,1,-0.4145450990275963,-0.26066180729354516
859,860,0,22.876306861888096,0,0,7.2292,1,0,1,0,0,0,1,0,0,1,-0.4970343633524355,-0.5028639729296732
860,861,0,41.0,2,0,14.1083,1,0,0,0,1,0,1,0,0,1,0.8334090318292722,-0.36435544630444866
861,862,0,21.0,1,0,11.5,1,0,0,0,1,0,1,0,1,0,-0.634772298590573,-0.41687275089321363
862,863,1,48.0,0,0,25.9292,0,1,0,0,1,1,0,1,0,0,1.347272497476218,-0.1263453225405672
863,864,0,10.869866956654466,8,2,69.55,1,0,0,0,1,1,0,0,0,1,-1.378415909036027,0.7519458402879414
864,865,0,24.0,0,0,13.0,1,0,0,0,1,0,1,0,1,0,-0.4145450990275963,-0.3866707201133388
865,866,1,42.0,0,0,13.0,1,0,0,0,1,1,0,0,1,0,0.9068180983502644,-0.3866707201133388
866,867,1,27.0,1,0,13.8583,1,0,1,0,0,1,0,0,1,0,-0.19431789946461947,-0.3693891181010945
867,868,0,31.0,0,0,50.4958,0,1,0,0,1,0,1,1,0,0,0.09931836661934956,0.3682954836973478
868,869,0,25.977889156023696,0,0,9.5,1,0,0,0,1,0,1,0,0,1,-0.2693501024019035,-0.45714212526638004
869,870,1,4.0,1,1,11.1333,1,0,0,0,1,0,1,0,0,1,-1.8827264294474415,-0.4242561406845337
870,871,0,26.0,0,0,7.8958,1,0,0,0,1,0,1,0,0,1,-0.26772696598561174,-0.4894421904510968
871,872,1,47.0,1,1,52.5542,0,1,0,0,1,1,0,1,0,0,1.2738634309552257,0.40974072380221066
872,873,0,33.0,0,0,5.0,0,1,0,0,1,0,1,1,0,0,0.24613649966133408,-0.5477482176060045
873,874,0,47.0,0,0,9.0,1,0,0,0,1,0,1,0,0,1,1.2738634309552257,-0.46720946885967163
874,875,1,28.0,1,0,24.0,1,0,1,0,0,1,0,0,1,0,-0.12090883294362723,-0.16518916106092355
875,876,1,15.0,0,0,7.225,1,0,1,0,0,1,0,0,0,1,-1.0752266977165266,-0.5029485386158568
876,877,0,20.0,0,0,9.8458,1,0,0,0,1,0,1,0,0,1,-0.7081813651115653,-0.45017955043725955
877,878,0,19.0,0,0,7.8958,1,0,0,0,1,0,1,0,0,1,-0.7815904316325576,-0.4894421904510968
878,879,0,27.947206162930836,0,0,7.8958,1,0,0,0,1,0,1,0,0,1,-0.12478437924093588,-0.4894421904510968
879,880,1,56.0,0,1,83.1583,0,1,1,0,0,1,0,1,0,0,1.934545029644156,1.0259447039291216
880,881,1,25.0,0,1,26.0,1,0,0,0,1,1,0,0,1,0,-0.341136032506604,-0.12491978668775715
881,882,0,33.0,0,0,7.8958,1,0,0,0,1,0,1,0,0,1,0.24613649966133408,-0.4894421904510968
882,883,0,22.0,0,0,10.5167,1,0,0,0,1,1,0,0,0,1,-0.5613632320695808,-0.4366711888037809
883,884,0,28.0,0,0,10.5,1,0,0,0,1,0,1,0,1,0,-0.12090883294362723,-0.43700743807979686
884,885,0,25.0,0,0,7.05,1,0,0,0,1,0,1,0,0,1,-0.341136032506604,-0.5064721088735089
885,886,0,39.0,0,5,29.125,1,0,0,1,0,1,0,0,0,1,0.6865908987872876,-0.06199888922968463
886,887,0,27.0,0,0,13.0,1,0,0,0,1,0,1,0,1,0,-0.19431789946461947,-0.3866707201133388
887,888,1,19.0,0,0,30.0,0,1,0,0,1,1,0,1,0,0,-0.7815904316325576,-0.04438103794142432
888,889,0,16.127950198412705,1,2,23.45,1,0,0,0,1,1,0,0,0,1,-0.9924249265688819,-0.17626323901354432
889,890,1,26.0,0,0,30.0,0,1,1,0,0,0,1,1,0,0,-0.26772696598561174,-0.04438103794142432
890,891,0,32.0,0,0,7.75,1,0,0,1,0,0,1,0,0,1,0.1727274331403418,-0.49237782784290063
